<?xml version = '1.0' encoding = 'UTF-8'?>
<Table class="oracle.dbtools.crest.model.design.relational.Table" directorySegmentName="seg_0" id="214760D7-CC3A-01C6-3B4D-2A9986514746" name="ventas">
<sourceDDLFile>scripfinal.sql</sourceDDLFile>
<createdBy>crist</createdBy>
<createdTime>2024-10-09 21:31:52 UTC</createdTime>
<ownerDesignName>ProyectoAngeles</ownerDesignName>
<importedID>6CB8CA01-9908-0292-2661-B5D0F6EEB6E6</importedID>
<allowColumnReorder>false</allowColumnReorder>
<existDependencyGenerateInDDl>true</existDependencyGenerateInDDl>
<parsed>true</parsed>
<columns itemClass="oracle.dbtools.crest.model.design.relational.Column">
<Column name="id_venta" id="F3B2657C-2A7C-2F54-3A38-D5BDA324EF8D">
<sourceDDLFile>scripfinal.sql</sourceDDLFile>
<createdBy>crist</createdBy>
<createdTime>2024-10-09 21:31:52 UTC</createdTime>
<ownerDesignName>ProyectoAngeles</ownerDesignName>
<importedID>B34BFC11-C3FE-5A8D-7442-FDDE783C4DB9</importedID>
<use>0</use>
<logicalDatatype>LOGDT011</logicalDatatype>
<domain>97A67F11-3830-65C1-65FB-2618E73645BB</domain>
<ownDataTypeParameters>,,</ownDataTypeParameters>
<autoIncrementCycle>false</autoIncrementCycle>
</Column>
<Column name="cliente_rut" id="0528B669-4A53-25A0-5F06-0D7DF315FD36">
<sourceDDLFile>scripfinal.sql</sourceDDLFile>
<createdBy>crist</createdBy>
<createdTime>2024-10-09 21:31:52 UTC</createdTime>
<ownerDesignName>ProyectoAngeles</ownerDesignName>
<importedID>F240D843-07AD-A0E9-720D-D75989FFE19A</importedID>
<nullsAllowed>true</nullsAllowed>
<use>0</use>
<logicalDatatype>LOGDT024</logicalDatatype>
<domain>2496BB0E-78D5-22AD-532B-21E01F2480CA</domain>
<ownDataTypeParameters>,,</ownDataTypeParameters>
<autoIncrementCycle>false</autoIncrementCycle>
<associations>
<colAssociation fkAssociation="51AFB121-70A8-9D3A-5C1F-0FBA5A89003C" referredColumn="7D3B192D-78D3-F052-57AA-873F132C08E1"/>
</associations>
</Column>
<Column name="empleado_id_empleado" id="0F296CE6-3440-579D-2811-C1B2935208EA">
<sourceDDLFile>scripfinal.sql</sourceDDLFile>
<createdBy>crist</createdBy>
<createdTime>2024-10-09 21:31:52 UTC</createdTime>
<ownerDesignName>ProyectoAngeles</ownerDesignName>
<importedID>BD5D7531-D7BD-B158-48CB-5307A81ACA32</importedID>
<nullsAllowed>true</nullsAllowed>
<use>0</use>
<logicalDatatype>LOGDT011</logicalDatatype>
<domain>97A67F11-3830-65C1-65FB-2618E73645BB</domain>
<ownDataTypeParameters>,,</ownDataTypeParameters>
<autoIncrementCycle>false</autoIncrementCycle>
<associations>
<colAssociation fkAssociation="6E5A5D76-697E-9B77-FC60-29A5F440592B" referredColumn="E697A91E-C0CB-92C0-EE28-EAFE87B2B2BF"/>
</associations>
</Column>
<Column name="total" id="9C6E8DD5-ACD5-4354-F85D-B01D57F4633B">
<sourceDDLFile>scripfinal.sql</sourceDDLFile>
<createdBy>crist</createdBy>
<createdTime>2024-10-09 21:31:52 UTC</createdTime>
<ownerDesignName>ProyectoAngeles</ownerDesignName>
<importedID>662B1073-9056-A1F5-DE28-5E5F850EBA95</importedID>
<use>0</use>
<logicalDatatype>LOGDT011</logicalDatatype>
<domain>97A67F11-3830-65C1-65FB-2618E73645BB</domain>
<ownDataTypeParameters>,,</ownDataTypeParameters>
<autoIncrementCycle>false</autoIncrementCycle>
</Column>
<Column name="descripcion" id="890CF31F-2D19-32BB-50B8-88F61ABC7FB5">
<sourceDDLFile>scripfinal.sql</sourceDDLFile>
<createdBy>crist</createdBy>
<createdTime>2024-10-09 21:31:52 UTC</createdTime>
<ownerDesignName>ProyectoAngeles</ownerDesignName>
<importedID>0C304665-C3EB-4BA1-26FC-FA70EEEE415E</importedID>
<nullsAllowed>true</nullsAllowed>
<use>0</use>
<ownDataTypeParameters>,,</ownDataTypeParameters>
<autoIncrementCycle>false</autoIncrementCycle>
</Column>
<Column name="servicio_id" id="775A73FE-48AE-6869-7633-1A79B2FC6079">
<sourceDDLFile>scripfinal.sql</sourceDDLFile>
<createdBy>crist</createdBy>
<createdTime>2024-10-09 21:31:52 UTC</createdTime>
<ownerDesignName>ProyectoAngeles</ownerDesignName>
<importedID>F907CF81-4728-C68A-0E55-C983498FB378</importedID>
<nullsAllowed>true</nullsAllowed>
<use>0</use>
<logicalDatatype>LOGDT011</logicalDatatype>
<domain>97A67F11-3830-65C1-65FB-2618E73645BB</domain>
<ownDataTypeParameters>,,</ownDataTypeParameters>
<autoIncrementCycle>false</autoIncrementCycle>
</Column>
<Column name="id_tipo_pago" id="2F806E6D-08DA-2F57-4015-6018757B97B6">
<sourceDDLFile>scripfinal.sql</sourceDDLFile>
<createdBy>crist</createdBy>
<createdTime>2024-10-09 21:31:52 UTC</createdTime>
<ownerDesignName>ProyectoAngeles</ownerDesignName>
<importedID>69341B2D-8D59-5EB1-8B96-62B5198ED6DB</importedID>
<nullsAllowed>true</nullsAllowed>
<use>0</use>
<logicalDatatype>LOGDT011</logicalDatatype>
<domain>97A67F11-3830-65C1-65FB-2618E73645BB</domain>
<ownDataTypeParameters>,,</ownDataTypeParameters>
<autoIncrementCycle>false</autoIncrementCycle>
</Column>
<Column name="fecha_transaccion" id="057D6ECD-96B2-3ACC-8F6D-76A224F49767">
<sourceDDLFile>scripfinal.sql</sourceDDLFile>
<createdBy>crist</createdBy>
<createdTime>2024-10-09 21:31:52 UTC</createdTime>
<ownerDesignName>ProyectoAngeles</ownerDesignName>
<importedID>642FE485-A6EB-E86A-7631-E4F4A38E4D38</importedID>
<nullsAllowed>true</nullsAllowed>
<use>0</use>
<logicalDatatype>LOGDT007</logicalDatatype>
<domain>C91E96CB-76BF-2586-3D33-CD6521DAECAE</domain>
<defaultValue>CURRENT_DATE</defaultValue>
<ownDataTypeParameters>,,</ownDataTypeParameters>
<autoIncrementCycle>false</autoIncrementCycle>
</Column>
</columns>
<indexes itemClass="oracle.dbtools.crest.model.design.relational.Index">
<ind_PK_UK id="91E9A118-7F2B-D9B3-AF14-B8528B68ACAA" name="ventas_pk">
<sourceDDLFile>scripfinal.sql</sourceDDLFile>
<createdBy>crist</createdBy>
<createdTime>2024-10-09 21:31:52 UTC</createdTime>
<ownerDesignName>ProyectoAngeles</ownerDesignName>
<importedID>1E5335AD-125A-6A8E-DEDB-1B4DC160C945</importedID>
<pk>true</pk>
<indexState>Primary Constraint</indexState>
<isSurrogateKey>false</isSurrogateKey>
<indexColumnUsage>
<colUsage columnID="F3B2657C-2A7C-2F54-3A38-D5BDA324EF8D"/>
</indexColumnUsage>
</ind_PK_UK>
<ind_PK_UK id="B1A5AFC5-588B-CD08-7C8E-63AC637DD075" name="ventas_cliente_fk">
<createdBy>crist</createdBy>
<createdTime>2024-10-09 21:31:52 UTC</createdTime>
<ownerDesignName>ProyectoAngeles</ownerDesignName>
<indexState>Foreign Key</indexState>
<isSurrogateKey>false</isSurrogateKey>
<indexColumnUsage>
<colUsage columnID="0528B669-4A53-25A0-5F06-0D7DF315FD36"/>
</indexColumnUsage>
</ind_PK_UK>
<ind_PK_UK id="5B4C3ADA-4845-1834-9380-3DF008B288E5" name="ventas_empleado_fk">
<createdBy>crist</createdBy>
<createdTime>2024-10-09 21:31:52 UTC</createdTime>
<ownerDesignName>ProyectoAngeles</ownerDesignName>
<indexState>Foreign Key</indexState>
<isSurrogateKey>false</isSurrogateKey>
<indexColumnUsage>
<colUsage columnID="0F296CE6-3440-579D-2811-C1B2935208EA"/>
</indexColumnUsage>
</ind_PK_UK>
</indexes>
</Table>