<?xml version = '1.0' encoding = 'UTF-8'?>
<Table class="oracle.dbtools.crest.model.design.relational.Table" directorySegmentName="seg_0" id="3F93C5B2-2778-8B54-1DC3-1ACED0862657" name="comision">
<sourceDDLFile>scripfinal.sql</sourceDDLFile>
<createdBy>crist</createdBy>
<createdTime>2024-10-09 21:31:52 UTC</createdTime>
<ownerDesignName>ProyectoAngeles</ownerDesignName>
<importedID>08FDDB7B-655B-6507-A3C2-A0735E98CD94</importedID>
<allowColumnReorder>false</allowColumnReorder>
<existDependencyGenerateInDDl>true</existDependencyGenerateInDDl>
<parsed>true</parsed>
<columns itemClass="oracle.dbtools.crest.model.design.relational.Column">
<Column name="id_comision" id="D78839AC-67FB-0008-3E14-F9C0C72DFCF0">
<sourceDDLFile>scripfinal.sql</sourceDDLFile>
<createdBy>crist</createdBy>
<createdTime>2024-10-09 21:31:52 UTC</createdTime>
<ownerDesignName>ProyectoAngeles</ownerDesignName>
<importedID>2B3A1A3C-D620-AA72-3383-54E0DC23E989</importedID>
<use>0</use>
<logicalDatatype>LOGDT011</logicalDatatype>
<domain>97A67F11-3830-65C1-65FB-2618E73645BB</domain>
<ownDataTypeParameters>,,</ownDataTypeParameters>
<autoIncrementCycle>false</autoIncrementCycle>
</Column>
<Column name="empleado_id_empleado" id="C1D4B3CE-460F-E1F2-D70A-8EA96D82A0FA">
<sourceDDLFile>scripfinal.sql</sourceDDLFile>
<createdBy>crist</createdBy>
<createdTime>2024-10-09 21:31:52 UTC</createdTime>
<ownerDesignName>ProyectoAngeles</ownerDesignName>
<importedID>A314F4CF-DB4E-479F-3CB5-811550387FA9</importedID>
<nullsAllowed>true</nullsAllowed>
<use>0</use>
<logicalDatatype>LOGDT011</logicalDatatype>
<domain>97A67F11-3830-65C1-65FB-2618E73645BB</domain>
<ownDataTypeParameters>,,</ownDataTypeParameters>
<autoIncrementCycle>false</autoIncrementCycle>
<associations>
<colAssociation fkAssociation="9ADC3362-E5CE-5402-1B17-6D29B6F7DEDB" referredColumn="E697A91E-C0CB-92C0-EE28-EAFE87B2B2BF"/>
</associations>
</Column>
<Column name="fecha" id="A17270C8-00E3-0388-69C0-E23E03D474CB">
<sourceDDLFile>scripfinal.sql</sourceDDLFile>
<createdBy>crist</createdBy>
<createdTime>2024-10-09 21:31:52 UTC</createdTime>
<ownerDesignName>ProyectoAngeles</ownerDesignName>
<importedID>EBBB480F-E309-6529-CC50-E30EECDDEEFB</importedID>
<use>0</use>
<logicalDatatype>LOGDT007</logicalDatatype>
<domain>C91E96CB-76BF-2586-3D33-CD6521DAECAE</domain>
<ownDataTypeParameters>,,</ownDataTypeParameters>
<autoIncrementCycle>false</autoIncrementCycle>
</Column>
<Column name="valor" id="61D55DEB-258B-2311-10AA-E1047767F59F">
<sourceDDLFile>scripfinal.sql</sourceDDLFile>
<createdBy>crist</createdBy>
<createdTime>2024-10-09 21:31:52 UTC</createdTime>
<ownerDesignName>ProyectoAngeles</ownerDesignName>
<importedID>8ED41617-6DDA-8971-693B-549EE5D5FDF2</importedID>
<use>0</use>
<logicalDatatype>LOGDT011</logicalDatatype>
<domain>97A67F11-3830-65C1-65FB-2618E73645BB</domain>
<ownDataTypeParameters>,,</ownDataTypeParameters>
<autoIncrementCycle>false</autoIncrementCycle>
</Column>
<Column name="abono_id" id="993AD995-7796-60C9-3201-0C66E42E50A1">
<sourceDDLFile>scripfinal.sql</sourceDDLFile>
<createdBy>crist</createdBy>
<createdTime>2024-10-09 21:31:52 UTC</createdTime>
<ownerDesignName>ProyectoAngeles</ownerDesignName>
<importedID>DE52882C-4068-0AA1-61A5-5ED61B99D0F5</importedID>
<nullsAllowed>true</nullsAllowed>
<use>0</use>
<logicalDatatype>LOGDT011</logicalDatatype>
<domain>97A67F11-3830-65C1-65FB-2618E73645BB</domain>
<ownDataTypeParameters>,,</ownDataTypeParameters>
<autoIncrementCycle>false</autoIncrementCycle>
<associations>
<colAssociation fkAssociation="ED608D5B-CC35-DB7D-23EA-DF3156713738" referredColumn="57A2BD29-8FE7-D2C2-E1F7-F015CAD469C8"/>
</associations>
</Column>
</columns>
<indexes itemClass="oracle.dbtools.crest.model.design.relational.Index">
<ind_PK_UK id="6E376354-0B80-5507-6817-88BF132BD09E" name="comision_pk">
<sourceDDLFile>scripfinal.sql</sourceDDLFile>
<createdBy>crist</createdBy>
<createdTime>2024-10-09 21:31:52 UTC</createdTime>
<ownerDesignName>ProyectoAngeles</ownerDesignName>
<importedID>4CF26D4F-F5B4-1D3A-292F-0EC37AA1909C</importedID>
<pk>true</pk>
<indexState>Primary Constraint</indexState>
<isSurrogateKey>false</isSurrogateKey>
<indexColumnUsage>
<colUsage columnID="D78839AC-67FB-0008-3E14-F9C0C72DFCF0"/>
</indexColumnUsage>
</ind_PK_UK>
<ind_PK_UK id="3B67A8FA-5E8E-6159-E51B-A795B4252D6F" name="comision_abono_fk">
<createdBy>crist</createdBy>
<createdTime>2024-10-09 21:31:52 UTC</createdTime>
<ownerDesignName>ProyectoAngeles</ownerDesignName>
<indexState>Foreign Key</indexState>
<isSurrogateKey>false</isSurrogateKey>
<indexColumnUsage>
<colUsage columnID="993AD995-7796-60C9-3201-0C66E42E50A1"/>
</indexColumnUsage>
</ind_PK_UK>
<ind_PK_UK id="EB8A1E14-6CEF-767A-992A-F48F469B0612" name="comision_empleado_fk">
<createdBy>crist</createdBy>
<createdTime>2024-10-09 21:31:52 UTC</createdTime>
<ownerDesignName>ProyectoAngeles</ownerDesignName>
<indexState>Foreign Key</indexState>
<isSurrogateKey>false</isSurrogateKey>
<indexColumnUsage>
<colUsage columnID="C1D4B3CE-460F-E1F2-D70A-8EA96D82A0FA"/>
</indexColumnUsage>
</ind_PK_UK>
</indexes>
</Table>