<?xml version = '1.0' encoding = 'UTF-8'?>
<Table class="oracle.dbtools.crest.model.design.relational.Table" directorySegmentName="seg_0" id="87866342-C2F5-E7C4-53D2-2642A046B4B7" name="empleado">
<sourceDDLFile>scripfinal.sql</sourceDDLFile>
<createdBy>crist</createdBy>
<createdTime>2024-10-09 21:31:52 UTC</createdTime>
<ownerDesignName>ProyectoAngeles</ownerDesignName>
<importedID>3D6B8C06-E806-CFDA-4137-48776A18BE1B</importedID>
<allowColumnReorder>false</allowColumnReorder>
<existDependencyGenerateInDDl>true</existDependencyGenerateInDDl>
<parsed>true</parsed>
<columns itemClass="oracle.dbtools.crest.model.design.relational.Column">
<Column name="id_empleado" id="E697A91E-C0CB-92C0-EE28-EAFE87B2B2BF">
<sourceDDLFile>scripfinal.sql</sourceDDLFile>
<createdBy>crist</createdBy>
<createdTime>2024-10-09 21:31:52 UTC</createdTime>
<ownerDesignName>ProyectoAngeles</ownerDesignName>
<importedID>E92D4887-B3F0-1824-5B21-A7DB1832E242</importedID>
<use>0</use>
<logicalDatatype>LOGDT011</logicalDatatype>
<domain>97A67F11-3830-65C1-65FB-2618E73645BB</domain>
<ownDataTypeParameters>,,</ownDataTypeParameters>
<autoIncrementCycle>false</autoIncrementCycle>
</Column>
<Column name="nom_empleado" id="46BC71BE-C9E7-269B-6606-88B9F13B7E44">
<sourceDDLFile>scripfinal.sql</sourceDDLFile>
<createdBy>crist</createdBy>
<createdTime>2024-10-09 21:31:52 UTC</createdTime>
<ownerDesignName>ProyectoAngeles</ownerDesignName>
<importedID>9E7CA9FB-9CB2-9B89-1ACD-29AA8B736586</importedID>
<use>0</use>
<logicalDatatype>LOGDT024</logicalDatatype>
<domain>FD0A0AAF-5C63-DB1D-14AF-029540511966</domain>
<ownDataTypeParameters>,,</ownDataTypeParameters>
<autoIncrementCycle>false</autoIncrementCycle>
</Column>
<Column name="email" id="5D5732C2-69DA-3924-65F7-ED305DFC3924">
<sourceDDLFile>scripfinal.sql</sourceDDLFile>
<createdBy>crist</createdBy>
<createdTime>2024-10-09 21:31:52 UTC</createdTime>
<ownerDesignName>ProyectoAngeles</ownerDesignName>
<importedID>8DCFF8E0-BC86-D1D5-8E40-A0B777E561D3</importedID>
<use>0</use>
<logicalDatatype>LOGDT024</logicalDatatype>
<domain>FD0A0AAF-5C63-DB1D-14AF-029540511966</domain>
<ownDataTypeParameters>,,</ownDataTypeParameters>
<autoIncrementCycle>false</autoIncrementCycle>
</Column>
<Column name="rol" id="44F61BD8-9236-BA31-F57B-4A733855C07B">
<sourceDDLFile>scripfinal.sql</sourceDDLFile>
<createdBy>crist</createdBy>
<createdTime>2024-10-09 21:31:52 UTC</createdTime>
<ownerDesignName>ProyectoAngeles</ownerDesignName>
<importedID>900BD04E-EDEB-EC40-FB54-1F0BBC140CD5</importedID>
<use>0</use>
<logicalDatatype>LOGDT024</logicalDatatype>
<domain>2496BB0E-78D5-22AD-532B-21E01F2480CA</domain>
<ownDataTypeParameters>,,</ownDataTypeParameters>
<autoIncrementCycle>false</autoIncrementCycle>
</Column>
</columns>
<indexes itemClass="oracle.dbtools.crest.model.design.relational.Index">
<ind_PK_UK id="5B1FB4D3-0E3D-5ABE-857F-2540C34D56EF" name="empleado_pk">
<sourceDDLFile>scripfinal.sql</sourceDDLFile>
<createdBy>crist</createdBy>
<createdTime>2024-10-09 21:31:52 UTC</createdTime>
<ownerDesignName>ProyectoAngeles</ownerDesignName>
<importedID>B33FD546-A52E-5A47-09B4-09940E2465A2</importedID>
<pk>true</pk>
<indexState>Primary Constraint</indexState>
<isSurrogateKey>false</isSurrogateKey>
<indexColumnUsage>
<colUsage columnID="E697A91E-C0CB-92C0-EE28-EAFE87B2B2BF"/>
</indexColumnUsage>
</ind_PK_UK>
<ind_PK_UK id="DAF255A5-418D-EE61-7C13-5F9438BBB572" name="empleado_email_un">
<sourceDDLFile>scripfinal.sql</sourceDDLFile>
<createdBy>crist</createdBy>
<createdTime>2024-10-09 21:31:52 UTC</createdTime>
<ownerDesignName>ProyectoAngeles</ownerDesignName>
<importedID>0724E3E7-E2D5-F833-A4A1-85090078EEFA</importedID>
<indexState>Unique Constraint</indexState>
<isSurrogateKey>false</isSurrogateKey>
<indexColumnUsage>
<colUsage columnID="5D5732C2-69DA-3924-65F7-ED305DFC3924"/>
</indexColumnUsage>
</ind_PK_UK>
</indexes>
</Table>