<?xml version = '1.0' encoding = 'UTF-8'?>
<Table class="oracle.dbtools.crest.model.design.relational.Table" directorySegmentName="seg_0" id="931457A5-0CEC-547E-5F18-A884CE5354A7" name="detalle_venta">
<sourceDDLFile>scripfinal.sql</sourceDDLFile>
<createdBy>crist</createdBy>
<createdTime>2024-10-09 21:31:52 UTC</createdTime>
<ownerDesignName>ProyectoAngeles</ownerDesignName>
<importedID>10904D2E-76F5-DECE-D5BB-0E1CC138AB84</importedID>
<allowColumnReorder>false</allowColumnReorder>
<existDependencyGenerateInDDl>true</existDependencyGenerateInDDl>
<parsed>true</parsed>
<columns itemClass="oracle.dbtools.crest.model.design.relational.Column">
<Column name="id" id="FE2B1E8B-D9A1-447B-2D42-B3C828B39086">
<sourceDDLFile>scripfinal.sql</sourceDDLFile>
<createdBy>crist</createdBy>
<createdTime>2024-10-09 21:31:52 UTC</createdTime>
<ownerDesignName>ProyectoAngeles</ownerDesignName>
<importedID>AB852AD9-CFE3-55F4-515D-A67A3AF789B5</importedID>
<use>0</use>
<logicalDatatype>LOGDT011</logicalDatatype>
<domain>97A67F11-3830-65C1-65FB-2618E73645BB</domain>
<ownDataTypeParameters>,,</ownDataTypeParameters>
<autoIncrementCycle>false</autoIncrementCycle>
</Column>
<Column name="servicio_id" id="4E129E8B-D88E-3B3C-DE37-C469B0F8EDE1">
<sourceDDLFile>scripfinal.sql</sourceDDLFile>
<createdBy>crist</createdBy>
<createdTime>2024-10-09 21:31:52 UTC</createdTime>
<ownerDesignName>ProyectoAngeles</ownerDesignName>
<importedID>3FD0A72D-2A99-C6E7-05AE-8CDBF219D76B</importedID>
<nullsAllowed>true</nullsAllowed>
<use>0</use>
<logicalDatatype>LOGDT011</logicalDatatype>
<domain>97A67F11-3830-65C1-65FB-2618E73645BB</domain>
<ownDataTypeParameters>,,</ownDataTypeParameters>
<autoIncrementCycle>false</autoIncrementCycle>
<associations>
<colAssociation fkAssociation="5A4F266E-0246-7677-8FD3-FA57BCC5FF72" referredColumn="B4C1C1BD-7427-5F02-9299-E690385D8FAE"/>
</associations>
</Column>
<Column name="ventas_id_venta" id="37A91CB7-802E-8650-87B7-B8F16AEBE5BA">
<sourceDDLFile>scripfinal.sql</sourceDDLFile>
<createdBy>crist</createdBy>
<createdTime>2024-10-09 21:31:52 UTC</createdTime>
<ownerDesignName>ProyectoAngeles</ownerDesignName>
<importedID>3EEF5294-33D1-A457-E226-6153ECA91B6F</importedID>
<nullsAllowed>true</nullsAllowed>
<use>0</use>
<logicalDatatype>LOGDT011</logicalDatatype>
<domain>97A67F11-3830-65C1-65FB-2618E73645BB</domain>
<ownDataTypeParameters>,,</ownDataTypeParameters>
<autoIncrementCycle>false</autoIncrementCycle>
<associations>
<colAssociation fkAssociation="3E82C408-196B-1697-E9B8-1E04590DA539" referredColumn="F3B2657C-2A7C-2F54-3A38-D5BDA324EF8D"/>
</associations>
</Column>
<Column name="cant_sesiones" id="31A120DB-CC1C-0A78-1A85-4F58D5D3C7F5">
<sourceDDLFile>scripfinal.sql</sourceDDLFile>
<createdBy>crist</createdBy>
<createdTime>2024-10-09 21:31:52 UTC</createdTime>
<ownerDesignName>ProyectoAngeles</ownerDesignName>
<importedID>99A55D9C-E8BA-3E23-4CD1-9E15BE17B225</importedID>
<use>0</use>
<logicalDatatype>LOGDT011</logicalDatatype>
<domain>97A67F11-3830-65C1-65FB-2618E73645BB</domain>
<ownDataTypeParameters>,,</ownDataTypeParameters>
<autoIncrementCycle>false</autoIncrementCycle>
</Column>
</columns>
<indexes itemClass="oracle.dbtools.crest.model.design.relational.Index">
<ind_PK_UK id="1A73B9A9-BC0E-6008-56B1-0943CDDC029B" name="detalle_venta_pk">
<sourceDDLFile>scripfinal.sql</sourceDDLFile>
<createdBy>crist</createdBy>
<createdTime>2024-10-09 21:31:52 UTC</createdTime>
<ownerDesignName>ProyectoAngeles</ownerDesignName>
<importedID>A377D03D-CE07-985A-3C20-B41CC2ED7343</importedID>
<pk>true</pk>
<indexState>Primary Constraint</indexState>
<isSurrogateKey>false</isSurrogateKey>
<indexColumnUsage>
<colUsage columnID="FE2B1E8B-D9A1-447B-2D42-B3C828B39086"/>
</indexColumnUsage>
</ind_PK_UK>
<ind_PK_UK id="284A53BA-6A1F-6B3C-2274-6CB0B8B67A5A" name="detalle_venta_servicio_fk">
<createdBy>crist</createdBy>
<createdTime>2024-10-09 21:31:52 UTC</createdTime>
<ownerDesignName>ProyectoAngeles</ownerDesignName>
<indexState>Foreign Key</indexState>
<isSurrogateKey>false</isSurrogateKey>
<indexColumnUsage>
<colUsage columnID="4E129E8B-D88E-3B3C-DE37-C469B0F8EDE1"/>
</indexColumnUsage>
</ind_PK_UK>
<ind_PK_UK id="872E978E-D1D2-1F30-4B7D-B9F8D1FFB211" name="detalle_venta_ventas_fk">
<createdBy>crist</createdBy>
<createdTime>2024-10-09 21:31:52 UTC</createdTime>
<ownerDesignName>ProyectoAngeles</ownerDesignName>
<indexState>Foreign Key</indexState>
<isSurrogateKey>false</isSurrogateKey>
<indexColumnUsage>
<colUsage columnID="37A91CB7-802E-8650-87B7-B8F16AEBE5BA"/>
</indexColumnUsage>
</ind_PK_UK>
</indexes>
</Table>