<?xml version = '1.0' encoding = 'UTF-8'?>
<Table class="oracle.dbtools.crest.model.design.relational.Table" directorySegmentName="seg_0" id="F24AD2C8-00C7-9924-65CA-6F5146D09B98" name="citas">
<sourceDDLFile>scripfinal.sql</sourceDDLFile>
<createdBy>crist</createdBy>
<createdTime>2024-10-09 21:31:52 UTC</createdTime>
<ownerDesignName>ProyectoAngeles</ownerDesignName>
<importedID>6AA1997F-E93C-1370-3CE5-75C5A347BD4C</importedID>
<allowColumnReorder>false</allowColumnReorder>
<existDependencyGenerateInDDl>true</existDependencyGenerateInDDl>
<parsed>true</parsed>
<columns itemClass="oracle.dbtools.crest.model.design.relational.Column">
<Column name="id" id="C9F84F10-472B-7C5C-BEF8-F57673282B2F">
<sourceDDLFile>scripfinal.sql</sourceDDLFile>
<createdBy>crist</createdBy>
<createdTime>2024-10-09 21:31:52 UTC</createdTime>
<ownerDesignName>ProyectoAngeles</ownerDesignName>
<importedID>0A8B486A-EC94-7BE4-11E5-B27C2A365824</importedID>
<use>0</use>
<logicalDatatype>LOGDT011</logicalDatatype>
<domain>97A67F11-3830-65C1-65FB-2618E73645BB</domain>
<ownDataTypeParameters>,,</ownDataTypeParameters>
<autoIncrementCycle>false</autoIncrementCycle>
</Column>
<Column name="ventas_id_venta" id="3DA2EF0D-1A38-DC91-6E8C-DA9CAB5E5E5C">
<sourceDDLFile>scripfinal.sql</sourceDDLFile>
<createdBy>crist</createdBy>
<createdTime>2024-10-09 21:31:52 UTC</createdTime>
<ownerDesignName>ProyectoAngeles</ownerDesignName>
<importedID>313201A8-AA1D-6B51-43A2-B53322E5784A</importedID>
<nullsAllowed>true</nullsAllowed>
<use>0</use>
<logicalDatatype>LOGDT011</logicalDatatype>
<domain>97A67F11-3830-65C1-65FB-2618E73645BB</domain>
<ownDataTypeParameters>,,</ownDataTypeParameters>
<autoIncrementCycle>false</autoIncrementCycle>
<associations>
<colAssociation fkAssociation="6ADB7233-7501-2AA8-3F3C-BDB84EA2C121" referredColumn="F3B2657C-2A7C-2F54-3A38-D5BDA324EF8D"/>
</associations>
</Column>
<Column name="fecha_atencion" id="3758FA08-5B63-94A3-E1DB-79203A35C907">
<sourceDDLFile>scripfinal.sql</sourceDDLFile>
<createdBy>crist</createdBy>
<createdTime>2024-10-09 21:31:52 UTC</createdTime>
<ownerDesignName>ProyectoAngeles</ownerDesignName>
<importedID>41785A5D-0317-0938-0763-36F6DCC8AD7C</importedID>
<use>0</use>
<logicalDatatype>LOGDT007</logicalDatatype>
<domain>C91E96CB-76BF-2586-3D33-CD6521DAECAE</domain>
<ownDataTypeParameters>,,</ownDataTypeParameters>
<autoIncrementCycle>false</autoIncrementCycle>
</Column>
<Column name="description" id="B6500F74-65C3-8A7A-04C0-6A677BF9700A">
<sourceDDLFile>scripfinal.sql</sourceDDLFile>
<createdBy>crist</createdBy>
<createdTime>2024-10-09 21:31:52 UTC</createdTime>
<ownerDesignName>ProyectoAngeles</ownerDesignName>
<importedID>0F7295C5-E75A-AFB9-6552-4115B7472956</importedID>
<nullsAllowed>true</nullsAllowed>
<use>0</use>
<logicalDatatype>LOGDT024</logicalDatatype>
<domain>337FD249-9556-CF4E-995F-97F0A3793779</domain>
<ownDataTypeParameters>,,</ownDataTypeParameters>
<autoIncrementCycle>false</autoIncrementCycle>
</Column>
<Column name="start_time" id="BEFF31A0-E4F8-AC21-5BD7-DDA25CBD32F9">
<sourceDDLFile>scripfinal.sql</sourceDDLFile>
<createdBy>crist</createdBy>
<createdTime>2024-10-09 21:31:52 UTC</createdTime>
<ownerDesignName>ProyectoAngeles</ownerDesignName>
<importedID>A2FC5CCF-0217-F7A2-0A9D-BB5DB193A29D</importedID>
<use>0</use>
<ownDataTypeParameters>,,</ownDataTypeParameters>
<autoIncrementCycle>false</autoIncrementCycle>
</Column>
<Column name="end_time" id="F245F1BF-AE78-0B16-1F3D-DD88A0A6462B">
<sourceDDLFile>scripfinal.sql</sourceDDLFile>
<createdBy>crist</createdBy>
<createdTime>2024-10-09 21:31:52 UTC</createdTime>
<ownerDesignName>ProyectoAngeles</ownerDesignName>
<importedID>FAA932CB-D748-7268-D14B-444633FC505E</importedID>
<use>0</use>
<ownDataTypeParameters>,,</ownDataTypeParameters>
<autoIncrementCycle>false</autoIncrementCycle>
</Column>
<Column name="create_at" id="4C5C58BD-2FD1-BB72-7E73-47C0A4C40FA7">
<createdBy>crist</createdBy>
<createdTime>2024-10-15 04:50:39 UTC</createdTime>
<ownerDesignName>ProyectoAngeles</ownerDesignName>
<nullsAllowed>true</nullsAllowed>
<useDomainConstraints>false</useDomainConstraints>
<use>1</use>
<logicalDatatype>LOGDT007</logicalDatatype>
<ownDataTypeParameters>,,</ownDataTypeParameters>
<autoIncrementCycle>false</autoIncrementCycle>
</Column>
</columns>
<indexes itemClass="oracle.dbtools.crest.model.design.relational.Index">
<ind_PK_UK id="EC42B930-8D2C-A551-0CEA-CEB33D65749C" name="citas_pk">
<sourceDDLFile>scripfinal.sql</sourceDDLFile>
<createdBy>crist</createdBy>
<createdTime>2024-10-09 21:31:52 UTC</createdTime>
<ownerDesignName>ProyectoAngeles</ownerDesignName>
<importedID>DAD83293-4C7E-0999-220C-EAEF6584DBD9</importedID>
<pk>true</pk>
<indexState>Primary Constraint</indexState>
<isSurrogateKey>false</isSurrogateKey>
<indexColumnUsage>
<colUsage columnID="C9F84F10-472B-7C5C-BEF8-F57673282B2F"/>
</indexColumnUsage>
</ind_PK_UK>
<ind_PK_UK id="54D6D610-1B56-6485-B56B-A1FDA6BF286E" name="citas_ventas_fk">
<createdBy>crist</createdBy>
<createdTime>2024-10-09 21:31:52 UTC</createdTime>
<ownerDesignName>ProyectoAngeles</ownerDesignName>
<indexState>Foreign Key</indexState>
<isSurrogateKey>false</isSurrogateKey>
<indexColumnUsage>
<colUsage columnID="3DA2EF0D-1A38-DC91-6E8C-DA9CAB5E5E5C"/>
</indexColumnUsage>
</ind_PK_UK>
</indexes>
</Table>