<?xml version = '1.0' encoding = 'UTF-8'?>
<Diagram class="oracle.dbtools.crest.swingui.relational.DPVRelational" name="Relational_1" id="1B259702-98FB-F9CC-E193-A0E4F0BA8E14">
<createdBy>crist</createdBy>
<modifiedBy>crist</modifiedBy>
<createdTime>2024-10-09 21:31:52 UTC</createdTime>
<autoRoute>false</autoRoute>
<boxInbox>true</boxInbox>
<showLegend>false</showLegend>
<showLabels>false</showLabels>
<showRelAttributes>false</showRelAttributes>
<gridEnabled>false</gridEnabled>
<showGrid>false</showGrid>
<diagramColor>-1</diagramColor>
<display>false</display>
<notation>1</notation>
<objectViews>
<OView class="oracle.dbtools.crest.swingui.relational.TVTable" oid="0327B7CE-DFB0-6DFF-FA31-49FF00A81C27" otype="Table" vid="FD0681A0-6417-3AAD-B938-0D6B1436E604">
<hideElementsInCurrentOnly>false</hideElementsInCurrentOnly>
<bounds x="967" y="514" width="216" height="101"/>
</OView>
<OView class="oracle.dbtools.crest.swingui.relational.TVTable" oid="0DE780C7-B02B-E541-13AB-47097E3DD88C" otype="Table" vid="88C7D8EE-0504-5063-FF17-B5A0DC6966A3">
<hideElementsInCurrentOnly>false</hideElementsInCurrentOnly>
<bounds x="594" y="426" width="297" height="192"/>
</OView>
<OView class="oracle.dbtools.crest.swingui.relational.TVTable" oid="3835FF12-AE2E-75BC-46EB-05AB53221A71" otype="Table" vid="0760B480-C5CC-463D-5A46-B509199AA5DC">
<hideElementsInCurrentOnly>false</hideElementsInCurrentOnly>
<bounds x="748" y="25" width="271" height="128"/>
</OView>
<OView class="oracle.dbtools.crest.swingui.relational.TVTable" oid="5710AC67-C834-DC61-FBF5-2EDE5FEDDCE6" otype="Table" vid="251F590C-01DD-3E82-8093-E74655B0538D">
<hideElementsInCurrentOnly>false</hideElementsInCurrentOnly>
<bounds x="485" y="61" width="217" height="98"/>
</OView>
<OView class="oracle.dbtools.crest.swingui.relational.TVTable" oid="5C197CFA-D90B-4091-3FD7-BF0986F9BC1E" otype="Table" vid="5B59533D-C382-D0A2-5EA8-F4D4C7C2DA19">
<hideElementsInCurrentOnly>false</hideElementsInCurrentOnly>
<bounds x="256" y="65" width="179" height="74"/>
</OView>
<OView class="oracle.dbtools.crest.swingui.relational.TVTable" oid="6BA58806-B9A5-431E-B5EC-A01D0880BAE5" otype="Table" vid="1CB9CF8D-2D58-64CD-97DE-D315DCF4BEFD">
<hideElementsInCurrentOnly>false</hideElementsInCurrentOnly>
<bounds x="240" y="592" width="218" height="144"/>
</OView>
<OView class="oracle.dbtools.crest.swingui.relational.TVTable" oid="923E18A8-CC19-FA3C-E6ED-4BAEA2887EA5" otype="Table" vid="B1B3A2EA-93B2-7437-2BCE-FEE727EFA95F">
<hideElementsInCurrentOnly>false</hideElementsInCurrentOnly>
<bounds x="229" y="202" width="297" height="136"/>
</OView>
<OView class="oracle.dbtools.crest.swingui.relational.TVTable" oid="9E4258DE-CD4D-A3DB-7530-A56338AAD159" otype="Table" vid="6D8F29E6-4489-7A0E-D3CC-043CB02E740F">
<hideElementsInCurrentOnly>false</hideElementsInCurrentOnly>
<bounds x="229" y="380" width="255" height="176"/>
</OView>
<OView class="oracle.dbtools.crest.swingui.relational.TVTable" oid="C067AB49-710F-4A06-0D15-215F51920880" otype="Table" vid="B7EB584C-7AEA-74E7-B314-ED6016920396">
<hideElementsInCurrentOnly>false</hideElementsInCurrentOnly>
<bounds x="964" y="340" width="216" height="128"/>
</OView>
<OView class="oracle.dbtools.crest.swingui.relational.TVTable" oid="D1D64CC4-A2E9-5E6E-AFBF-43C2DFC6948E" otype="Table" vid="AA317D4D-8A53-B511-0239-C2B590B6A7AB">
<hideElementsInCurrentOnly>false</hideElementsInCurrentOnly>
<bounds x="624" y="207" width="223" height="175"/>
</OView>
<OView class="oracle.dbtools.crest.swingui.relational.TVTable" oid="E34577C2-DD9A-AFA0-3DE6-67A718F7C251" otype="Table" vid="2BA499C9-DCFA-80CD-292A-F93D12066950">
<hideElementsInCurrentOnly>false</hideElementsInCurrentOnly>
<bounds x="655" y="656" width="168" height="76"/>
</OView>
</objectViews>
<connectors>
<Connector class="oracle.dbtools.crest.swingui.relational.TVFKRelation" oid="00D6F37D-AB87-2044-0E33-9E13F8B8B119" otype="FKIndexAssociation" vid_source="B7EB584C-7AEA-74E7-B314-ED6016920396" vid_target="88C7D8EE-0504-5063-FF17-B5A0DC6966A3">
<hideElementsInCurrentOnly>false</hideElementsInCurrentOnly>
<backgroundColor>-16777216</backgroundColor>
<lineWidth>1</lineWidth>
<points>
<point x="964" y="462"/>
<point x="891" y="462"/>
</points>
</Connector>
<Connector class="oracle.dbtools.crest.swingui.relational.TVFKRelation" oid="0B78AEA0-8B00-5A3C-1D0E-EAE2DE63FF57" otype="FKIndexAssociation" vid_source="251F590C-01DD-3E82-8093-E74655B0538D" vid_target="AA317D4D-8A53-B511-0239-C2B590B6A7AB">
<hideElementsInCurrentOnly>false</hideElementsInCurrentOnly>
<backgroundColor>-16777216</backgroundColor>
<lineWidth>1</lineWidth>
<points>
<point x="663" y="159"/>
<point x="663" y="207"/>
</points>
</Connector>
<Connector class="oracle.dbtools.crest.swingui.relational.TVFKRelation" oid="35DB8F5A-2073-3416-3106-7CE2A9CBD218" otype="FKIndexAssociation" vid_source="5B59533D-C382-D0A2-5EA8-F4D4C7C2DA19" vid_target="B1B3A2EA-93B2-7437-2BCE-FEE727EFA95F">
<hideElementsInCurrentOnly>false</hideElementsInCurrentOnly>
<backgroundColor>-16777216</backgroundColor>
<lineWidth>1</lineWidth>
<points>
<point x="345" y="139"/>
<point x="345" y="202"/>
</points>
</Connector>
<Connector class="oracle.dbtools.crest.swingui.relational.TVFKRelation" oid="4972D09A-9902-AA0F-A8B6-D594982E4B1A" otype="FKIndexAssociation" vid_source="FD0681A0-6417-3AAD-B938-0D6B1436E604" vid_target="88C7D8EE-0504-5063-FF17-B5A0DC6966A3">
<hideElementsInCurrentOnly>false</hideElementsInCurrentOnly>
<backgroundColor>-16777216</backgroundColor>
<lineWidth>1</lineWidth>
<points>
<point x="967" y="579"/>
<point x="891" y="579"/>
</points>
</Connector>
<Connector class="oracle.dbtools.crest.swingui.relational.TVFKRelation" oid="4F45555D-EE82-8646-0599-F1204E0C7099" otype="FKIndexAssociation" vid_source="0760B480-C5CC-463D-5A46-B509199AA5DC" vid_target="AA317D4D-8A53-B511-0239-C2B590B6A7AB">
<hideElementsInCurrentOnly>false</hideElementsInCurrentOnly>
<backgroundColor>-16777216</backgroundColor>
<lineWidth>1</lineWidth>
<points>
<point x="797" y="153"/>
<point x="797" y="207"/>
</points>
</Connector>
<Connector class="oracle.dbtools.crest.swingui.relational.TVFKRelation" oid="67BF714C-04C2-D1FE-E702-E5C965CCF8E4" otype="FKIndexAssociation" vid_source="88C7D8EE-0504-5063-FF17-B5A0DC6966A3" vid_target="6D8F29E6-4489-7A0E-D3CC-043CB02E740F">
<hideElementsInCurrentOnly>false</hideElementsInCurrentOnly>
<backgroundColor>-16777216</backgroundColor>
<lineWidth>1</lineWidth>
<points>
<point x="633" y="491"/>
<point x="484" y="491"/>
</points>
</Connector>
<Connector class="oracle.dbtools.crest.swingui.relational.TVFKRelation" oid="7517AE1D-47B7-7108-62C8-471F8791BE07" otype="FKIndexAssociation" vid_source="88C7D8EE-0504-5063-FF17-B5A0DC6966A3" vid_target="AA317D4D-8A53-B511-0239-C2B590B6A7AB">
<hideElementsInCurrentOnly>false</hideElementsInCurrentOnly>
<backgroundColor>-16777216</backgroundColor>
<lineWidth>1</lineWidth>
<points>
<point x="720" y="426"/>
<point x="720" y="382"/>
</points>
</Connector>
<Connector class="oracle.dbtools.crest.swingui.relational.TVFKRelation" oid="C1478AAA-C988-76DE-F6CC-CA7B6B14F136" otype="FKIndexAssociation" vid_source="B7EB584C-7AEA-74E7-B314-ED6016920396" vid_target="0760B480-C5CC-463D-5A46-B509199AA5DC">
<hideElementsInCurrentOnly>false</hideElementsInCurrentOnly>
<backgroundColor>-16777216</backgroundColor>
<lineWidth>1</lineWidth>
<points>
<point x="1006" y="340"/>
<point x="1006" y="153"/>
</points>
</Connector>
<Connector class="oracle.dbtools.crest.swingui.relational.TVFKRelation" oid="C9847474-46B7-BE16-D5BF-17A436500C87" otype="FKIndexAssociation" vid_source="2BA499C9-DCFA-80CD-292A-F93D12066950" vid_target="88C7D8EE-0504-5063-FF17-B5A0DC6966A3">
<hideElementsInCurrentOnly>false</hideElementsInCurrentOnly>
<backgroundColor>-16777216</backgroundColor>
<lineWidth>1</lineWidth>
<points>
<point x="724" y="656"/>
<point x="724" y="618"/>
</points>
</Connector>
<Connector class="oracle.dbtools.crest.swingui.relational.TVFKRelation" oid="DC25C173-BB0A-B443-5790-52F089C627FC" otype="FKIndexAssociation" vid_source="1CB9CF8D-2D58-64CD-97DE-D315DCF4BEFD" vid_target="6D8F29E6-4489-7A0E-D3CC-043CB02E740F">
<hideElementsInCurrentOnly>false</hideElementsInCurrentOnly>
<backgroundColor>-16777216</backgroundColor>
<lineWidth>1</lineWidth>
<points>
<point x="349" y="592"/>
<point x="349" y="556"/>
</points>
</Connector>
<Connector class="oracle.dbtools.crest.swingui.relational.TVFKRelation" oid="EA92A238-AE78-2DAF-7203-7FF92769B6B1" otype="FKIndexAssociation" vid_source="B1B3A2EA-93B2-7437-2BCE-FEE727EFA95F" vid_target="6D8F29E6-4489-7A0E-D3CC-043CB02E740F">
<hideElementsInCurrentOnly>false</hideElementsInCurrentOnly>
<backgroundColor>-16777216</backgroundColor>
<lineWidth>1</lineWidth>
<points>
<point x="356" y="338"/>
<point x="356" y="380"/>
</points>
</Connector>
</connectors>
</Diagram>