<?xml version = '1.0' encoding = 'UTF-8'?>
<DomainFile class="oracle.dbtools.crest.model.design.DomainFileWrapper" fileName="scripfinal_Domains">
<domains>
<Domain class="oracle.dbtools.crest.model.design.Domain" name="VARCHAR_0_0_20" id="2496BB0E-78D5-22AD-532B-21E01F2480CA">
<createdBy>crist</createdBy>
<createdTime>2024-10-09 21:31:52 UTC</createdTime>
<ownerDesignName>ProyectoAngeles</ownerDesignName>
<avTSortOrder>0</avTSortOrder>
<dataTypePrecision>0</dataTypePrecision>
<dataTypeScale>0</dataTypeScale>
<dataTypeSize>20</dataTypeSize>
<fileName>scripfinal_Domains</fileName>
<logicalDatatype>LOGDT024</logicalDatatype>
</Domain>
<Domain class="oracle.dbtools.crest.model.design.Domain" name="VARCHAR_0_0_255" id="337FD249-9556-CF4E-995F-97F0A3793779">
<createdBy>crist</createdBy>
<createdTime>2024-10-09 21:31:52 UTC</createdTime>
<ownerDesignName>ProyectoAngeles</ownerDesignName>
<avTSortOrder>0</avTSortOrder>
<dataTypePrecision>0</dataTypePrecision>
<dataTypeScale>0</dataTypeScale>
<dataTypeSize>255</dataTypeSize>
<fileName>scripfinal_Domains</fileName>
<logicalDatatype>LOGDT024</logicalDatatype>
</Domain>
<Domain class="oracle.dbtools.crest.model.design.Domain" name="Integer_0_0_0" id="97A67F11-3830-65C1-65FB-2618E73645BB">
<createdBy>crist</createdBy>
<createdTime>2024-10-09 21:31:52 UTC</createdTime>
<ownerDesignName>ProyectoAngeles</ownerDesignName>
<avTSortOrder>0</avTSortOrder>
<fileName>scripfinal_Domains</fileName>
<logicalDatatype>LOGDT011</logicalDatatype>
</Domain>
<Domain class="oracle.dbtools.crest.model.design.Domain" name="Date_0_0_0" id="C91E96CB-76BF-2586-3D33-CD6521DAECAE">
<createdBy>crist</createdBy>
<createdTime>2024-10-09 21:31:52 UTC</createdTime>
<ownerDesignName>ProyectoAngeles</ownerDesignName>
<avTSortOrder>0</avTSortOrder>
<fileName>scripfinal_Domains</fileName>
<logicalDatatype>LOGDT007</logicalDatatype>
</Domain>
<Domain class="oracle.dbtools.crest.model.design.Domain" name="NUMERIC_10_2_0" id="F905B0C6-09E1-1627-C947-D368C768942E">
<createdBy>crist</createdBy>
<createdTime>2024-10-09 21:31:52 UTC</createdTime>
<ownerDesignName>ProyectoAngeles</ownerDesignName>
<avTSortOrder>0</avTSortOrder>
<dataTypePrecision>10</dataTypePrecision>
<dataTypeScale>2</dataTypeScale>
<dataTypeSize>0</dataTypeSize>
<fileName>scripfinal_Domains</fileName>
<logicalDatatype>LOGDT019</logicalDatatype>
</Domain>
<Domain class="oracle.dbtools.crest.model.design.Domain" name="VARCHAR_0_0_100" id="FD0A0AAF-5C63-DB1D-14AF-029540511966">
<createdBy>crist</createdBy>
<createdTime>2024-10-09 21:31:52 UTC</createdTime>
<ownerDesignName>ProyectoAngeles</ownerDesignName>
<avTSortOrder>0</avTSortOrder>
<dataTypePrecision>0</dataTypePrecision>
<dataTypeScale>0</dataTypeScale>
<dataTypeSize>100</dataTypeSize>
<fileName>scripfinal_Domains</fileName>
<logicalDatatype>LOGDT024</logicalDatatype>
</Domain>
</domains>
</DomainFile>