<?xml version = '1.0' encoding = 'UTF-8'?>
<Relation class="oracle.dbtools.crest.model.design.logical.Relation" name="ventas_cliente_fk" directorySegmentName="seg_0" id="0ABC506E-C401-9384-278E-C2AE2A9AD963">
<createdBy>crist</createdBy>
<createdTime>2024-10-09 21:37:57 UTC</createdTime>
<generatorID>51AFB121-70A8-9D3A-5C1F-0FBA5A89003C</generatorID>
<ownerDesignName>ProyectoAngeles</ownerDesignName>
<engineerTo>
<item key="5687DD76-BF03-8063-EB0C-1C7A978C1900" value="true"/>
</engineerTo>
<sourcePk>27FF4E38-1E1F-AAE2-74D9-AE793423CF49</sourcePk>
<identifying>false</identifying>
<optionalSource>true</optionalSource>
<optionalTarget>true</optionalTarget>
<sourceCardinality>1</sourceCardinality>
<sourceEntity>EC72C876-1A5A-3CD8-F17C-C37E8BCCC2DF</sourceEntity>
<targetCardinalityString>*</targetCardinalityString>
<targetEntity>2A650AA9-03C1-0E89-3E2F-35936BFD6825</targetEntity>
<transferable>true</transferable>
<deleteRule>NO ACTION</deleteRule>
</Relation>