<?xml version = '1.0' encoding = 'UTF-8'?>
<Relation class="oracle.dbtools.crest.model.design.logical.Relation" name="detalle_venta_ventas_fk" directorySegmentName="seg_0" id="15AEB726-756E-AF08-1BE4-D19DFBD30258">
<createdBy>crist</createdBy>
<createdTime>2024-10-09 21:37:57 UTC</createdTime>
<generatorID>3E82C408-196B-1697-E9B8-1E04590DA539</generatorID>
<ownerDesignName>ProyectoAngeles</ownerDesignName>
<engineerTo>
<item key="5687DD76-BF03-8063-EB0C-1C7A978C1900" value="true"/>
</engineerTo>
<sourcePk>2EACA382-3AEB-823B-DC0A-0D5C07DBA988</sourcePk>
<identifying>false</identifying>
<optionalSource>true</optionalSource>
<optionalTarget>true</optionalTarget>
<sourceCardinality>1</sourceCardinality>
<sourceEntity>2A650AA9-03C1-0E89-3E2F-35936BFD6825</sourceEntity>
<targetCardinalityString>*</targetCardinalityString>
<targetEntity>D2D0101F-E862-2BBB-A634-97297B385DFD</targetEntity>
<transferable>true</transferable>
<deleteRule>NO ACTION</deleteRule>
</Relation>