<?xml version = '1.0' encoding = 'UTF-8'?>
<Relation class="oracle.dbtools.crest.model.design.logical.Relation" name="abono_ventas_fk" directorySegmentName="seg_0" id="285C3917-5A05-A648-C811-2D20A8B6A815">
<createdBy>crist</createdBy>
<createdTime>2024-10-09 21:37:57 UTC</createdTime>
<generatorID>0CBCBE13-B9D4-AFED-986C-98E3C05849A9</generatorID>
<ownerDesignName>ProyectoAngeles</ownerDesignName>
<engineerTo>
<item key="5687DD76-BF03-8063-EB0C-1C7A978C1900" value="true"/>
</engineerTo>
<sourcePk>2EACA382-3AEB-823B-DC0A-0D5C07DBA988</sourcePk>
<identifying>false</identifying>
<optionalSource>true</optionalSource>
<optionalTarget>true</optionalTarget>
<sourceCardinality>1</sourceCardinality>
<sourceEntity>2A650AA9-03C1-0E89-3E2F-35936BFD6825</sourceEntity>
<targetCardinalityString>*</targetCardinalityString>
<targetEntity>70EAC2DD-1902-99E1-43F6-BE7F001051EE</targetEntity>
<transferable>true</transferable>
<deleteRule>NO ACTION</deleteRule>
</Relation>