<?xml version = '1.0' encoding = 'UTF-8'?>
<Relation class="oracle.dbtools.crest.model.design.logical.Relation" name="comision_empleado_fk" directorySegmentName="seg_0" id="38A397D8-5835-059A-ED8F-50AABC1F41A5">
<createdBy>crist</createdBy>
<createdTime>2024-10-09 21:37:57 UTC</createdTime>
<generatorID>9ADC3362-E5CE-5402-1B17-6D29B6F7DEDB</generatorID>
<ownerDesignName>ProyectoAngeles</ownerDesignName>
<engineerTo>
<item key="5687DD76-BF03-8063-EB0C-1C7A978C1900" value="true"/>
</engineerTo>
<sourcePk>F8525EC8-AD2D-AD52-A065-2E9B269440C2</sourcePk>
<identifying>false</identifying>
<optionalSource>true</optionalSource>
<optionalTarget>true</optionalTarget>
<sourceCardinality>1</sourceCardinality>
<sourceEntity>B6ED434D-4CC9-8C9B-F3C2-736CB7507FC8</sourceEntity>
<targetCardinalityString>*</targetCardinalityString>
<targetEntity>C05BECF7-23E0-4924-A1C8-07A3379FC131</targetEntity>
<transferable>true</transferable>
<deleteRule>NO ACTION</deleteRule>
</Relation>