<?xml version = '1.0' encoding = 'UTF-8'?>
<Relation class="oracle.dbtools.crest.model.design.logical.Relation" name="ventas_empleado_fk" directorySegmentName="seg_0" id="D1329C3A-A1D3-5504-FAC5-09218C168B67">
<createdBy>crist</createdBy>
<createdTime>2024-10-09 21:37:57 UTC</createdTime>
<generatorID>6E5A5D76-697E-9B77-FC60-29A5F440592B</generatorID>
<ownerDesignName>ProyectoAngeles</ownerDesignName>
<engineerTo>
<item key="5687DD76-BF03-8063-EB0C-1C7A978C1900" value="true"/>
</engineerTo>
<sourcePk>F8525EC8-AD2D-AD52-A065-2E9B269440C2</sourcePk>
<identifying>false</identifying>
<optionalSource>true</optionalSource>
<optionalTarget>true</optionalTarget>
<sourceCardinality>1</sourceCardinality>
<sourceEntity>B6ED434D-4CC9-8C9B-F3C2-736CB7507FC8</sourceEntity>
<targetCardinalityString>*</targetCardinalityString>
<targetEntity>2A650AA9-03C1-0E89-3E2F-35936BFD6825</targetEntity>
<transferable>true</transferable>
<deleteRule>NO ACTION</deleteRule>
</Relation>