<?xml version = '1.0' encoding = 'UTF-8'?>
<Relation class="oracle.dbtools.crest.model.design.logical.Relation" name="servicio_estado_servicio_fk" directorySegmentName="seg_0" id="E0C90AA4-7E8D-38F9-BB81-CFF67761C34C">
<createdBy>crist</createdBy>
<createdTime>2024-10-09 21:37:57 UTC</createdTime>
<generatorID>5E943A00-E2F5-A30C-44E5-2E58331F4FE0</generatorID>
<ownerDesignName>ProyectoAngeles</ownerDesignName>
<engineerTo>
<item key="5687DD76-BF03-8063-EB0C-1C7A978C1900" value="true"/>
</engineerTo>
<sourcePk>F30221C3-FA75-DEB1-016F-F58A132194FE</sourcePk>
<identifying>false</identifying>
<optionalSource>true</optionalSource>
<optionalTarget>true</optionalTarget>
<sourceCardinality>1</sourceCardinality>
<sourceEntity>BEB6A7E8-F2D2-E73F-F28E-D2D6C1204CBA</sourceEntity>
<targetCardinalityString>*</targetCardinalityString>
<targetEntity>272E479C-A365-A00E-D689-D3CE8F837765</targetEntity>
<transferable>true</transferable>
<deleteRule>NO ACTION</deleteRule>
</Relation>