<?xml version = '1.0' encoding = 'UTF-8'?>
<Relation class="oracle.dbtools.crest.model.design.logical.Relation" name="tipo_pago_abono_fk" directorySegmentName="seg_0" id="F329A5E2-FA2A-E2CD-6973-E1B51FB76473">
<createdBy>crist</createdBy>
<createdTime>2024-10-09 21:37:57 UTC</createdTime>
<generatorID>F65A7A64-6A4A-6FEA-74BE-39F0F8D18FAD</generatorID>
<ownerDesignName>ProyectoAngeles</ownerDesignName>
<engineerTo>
<item key="5687DD76-BF03-8063-EB0C-1C7A978C1900" value="true"/>
</engineerTo>
<sourcePk>3F4690A2-0AB6-21A8-3DD3-3ABDA0C88689</sourcePk>
<dominantRole>70EAC2DD-1902-99E1-43F6-BE7F001051EE</dominantRole>
<identifying>false</identifying>
<optionalSource>true</optionalSource>
<optionalTarget>false</optionalTarget>
<sourceCardinality>1</sourceCardinality>
<sourceEntity>70EAC2DD-1902-99E1-43F6-BE7F001051EE</sourceEntity>
<targetCardinalityString>1</targetCardinalityString>
<targetEntity>FB51851E-2DEE-5628-C25A-010D1F23E3AD</targetEntity>
<transferable>true</transferable>
<deleteRule>NO ACTION</deleteRule>
</Relation>