<?xml version = '1.0' encoding = 'UTF-8'?>
<Relation class="oracle.dbtools.crest.model.design.logical.Relation" name="citas_ventas_fk" directorySegmentName="seg_0" id="FF79EE81-D6DF-A961-FF65-93F5207DC27C">
<createdBy>crist</createdBy>
<createdTime>2024-10-09 21:37:57 UTC</createdTime>
<generatorID>6ADB7233-7501-2AA8-3F3C-BDB84EA2C121</generatorID>
<ownerDesignName>ProyectoAngeles</ownerDesignName>
<engineerTo>
<item key="5687DD76-BF03-8063-EB0C-1C7A978C1900" value="true"/>
</engineerTo>
<sourcePk>2EACA382-3AEB-823B-DC0A-0D5C07DBA988</sourcePk>
<identifying>false</identifying>
<optionalSource>true</optionalSource>
<optionalTarget>true</optionalTarget>
<sourceCardinality>1</sourceCardinality>
<sourceEntity>2A650AA9-03C1-0E89-3E2F-35936BFD6825</sourceEntity>
<targetCardinalityString>*</targetCardinalityString>
<targetEntity>21775A64-7184-97C8-D81B-842C7B7C8439</targetEntity>
<transferable>true</transferable>
<deleteRule>NO ACTION</deleteRule>
</Relation>