<?xml version = '1.0' encoding = 'UTF-8'?>
<relationalModel class="oracle.dbtools.crest.model.design.relational.RelationalDesign" name="Relational_1" id="5687DD76-BF03-8063-EB0C-1C7A978C1900" mainViewID="1B259702-98FB-F9CC-E193-A0E4F0BA8E14">
<createdBy>crist</createdBy>
<createdTime>2024-10-09 21:31:30 UTC</createdTime>
<ownerDesignName>ProyectoAngeles</ownerDesignName>
<shouldBeOpen>false</shouldBeOpen>
<selectedRDBMSSite>32076570-2523-435C-2E92-BF29817DFF70</selectedRDBMSSite>
<importDDLFileStamps>
<importDDLFileStamp class="oracle.dbtools.crest.imports.DDLFileStamp">
<fileName>scripfinal.sql</fileName>
<pathName>C:\Users\crist\OneDrive\Escritorio</pathName>
<dbType>9</dbType>
</importDDLFileStamp>
</importDDLFileStamps>
</relationalModel>