<?xml version = '1.0' encoding = 'UTF-8'?>
<FKIndexAssociation class="oracle.dbtools.crest.model.design.relational.FKIndexAssociation" directorySegmentName="seg_0" id="0CBCBE13-B9D4-AFED-986C-98E3C05849A9" containerWithKeyObject="AA1C694E-9658-33D3-9401-D16490C983FB" localFKIndex="29E3558D-13EE-6981-F2EA-E714B48878AA" name="abono_ventas_fk">
<sourceDDLFile>scripfinal.sql</sourceDDLFile>
<createdBy>crist</createdBy>
<createdTime>2024-10-09 21:31:52 UTC</createdTime>
<ownerDesignName>ProyectoAngeles</ownerDesignName>
<importedID>8E7DC5DE-7BE4-862C-9DA0-2C3766CD3174</importedID>
<referredTableLongName>ventas</referredTableLongName>
<deleteRule>NO ACTION</deleteRule>
<referredTableID>214760D7-CC3A-01C6-3B4D-2A9986514746</referredTableID>
<keyObject>91E9A118-7F2B-D9B3-AF14-B8528B68ACAA</keyObject>
<referredKeyID>91E9A118-7F2B-D9B3-AF14-B8528B68ACAA</referredKeyID>
<mandatory>false</mandatory>
<refColNames>id_venta</refColNames>
<transferable>true</transferable>
<rely>false</rely>
<columnDependencyConstraintGenerateInDDL>true</columnDependencyConstraintGenerateInDDL>
</FKIndexAssociation>