<?xml version = '1.0' encoding = 'UTF-8'?>
<FKIndexAssociation class="oracle.dbtools.crest.model.design.relational.FKIndexAssociation" directorySegmentName="seg_0" id="3E82C408-196B-1697-E9B8-1E04590DA539" containerWithKeyObject="931457A5-0CEC-547E-5F18-A884CE5354A7" localFKIndex="872E978E-D1D2-1F30-4B7D-B9F8D1FFB211" name="detalle_venta_ventas_fk">
<sourceDDLFile>scripfinal.sql</sourceDDLFile>
<createdBy>crist</createdBy>
<createdTime>2024-10-09 21:31:52 UTC</createdTime>
<ownerDesignName>ProyectoAngeles</ownerDesignName>
<importedID>D9978AE5-3AAA-B0C2-F388-EDC3EE4AA4A5</importedID>
<referredTableLongName>ventas</referredTableLongName>
<deleteRule>NO ACTION</deleteRule>
<referredTableID>214760D7-CC3A-01C6-3B4D-2A9986514746</referredTableID>
<keyObject>91E9A118-7F2B-D9B3-AF14-B8528B68ACAA</keyObject>
<referredKeyID>91E9A118-7F2B-D9B3-AF14-B8528B68ACAA</referredKeyID>
<mandatory>false</mandatory>
<refColNames>id_venta</refColNames>
<transferable>true</transferable>
<rely>false</rely>
<columnDependencyConstraintGenerateInDDL>true</columnDependencyConstraintGenerateInDDL>
</FKIndexAssociation>