<?xml version = '1.0' encoding = 'UTF-8'?>
<FKIndexAssociation class="oracle.dbtools.crest.model.design.relational.FKIndexAssociation" directorySegmentName="seg_0" id="51AFB121-70A8-9D3A-5C1F-0FBA5A89003C" containerWithKeyObject="214760D7-CC3A-01C6-3B4D-2A9986514746" localFKIndex="B1A5AFC5-588B-CD08-7C8E-63AC637DD075" name="ventas_cliente_fk">
<sourceDDLFile>scripfinal.sql</sourceDDLFile>
<createdBy>crist</createdBy>
<createdTime>2024-10-09 21:31:52 UTC</createdTime>
<ownerDesignName>ProyectoAngeles</ownerDesignName>
<importedID>0A39D65D-83C2-4E49-C3A0-7A6DED1E2C01</importedID>
<referredTableLongName>cliente</referredTableLongName>
<deleteRule>NO ACTION</deleteRule>
<referredTableID>B1BE9206-070A-3C2B-6513-8786E4D9ED44</referredTableID>
<keyObject>BDEC2AA2-CCA2-787B-4037-71FFBB60D7BA</keyObject>
<referredKeyID>BDEC2AA2-CCA2-787B-4037-71FFBB60D7BA</referredKeyID>
<mandatory>false</mandatory>
<refColNames>rut</refColNames>
<transferable>true</transferable>
<rely>false</rely>
<columnDependencyConstraintGenerateInDDL>true</columnDependencyConstraintGenerateInDDL>
</FKIndexAssociation>