<?xml version = '1.0' encoding = 'UTF-8'?>
<FKIndexAssociation class="oracle.dbtools.crest.model.design.relational.FKIndexAssociation" directorySegmentName="seg_0" id="5A4F266E-0246-7677-8FD3-FA57BCC5FF72" containerWithKeyObject="931457A5-0CEC-547E-5F18-A884CE5354A7" localFKIndex="284A53BA-6A1F-6B3C-2274-6CB0B8B67A5A" name="detalle_venta_servicio_fk">
<sourceDDLFile>scripfinal.sql</sourceDDLFile>
<createdBy>crist</createdBy>
<createdTime>2024-10-09 21:31:52 UTC</createdTime>
<ownerDesignName>ProyectoAngeles</ownerDesignName>
<importedID>0F21C3B5-11A3-47B9-C2CD-40A280906140</importedID>
<referredTableLongName>servicio</referredTableLongName>
<deleteRule>NO ACTION</deleteRule>
<referredTableID>DC55967B-F52E-98BE-CE1C-8EF11AC600F5</referredTableID>
<keyObject>E1DE70ED-57A9-EB0E-8060-1E6D8D78663D</keyObject>
<referredKeyID>E1DE70ED-57A9-EB0E-8060-1E6D8D78663D</referredKeyID>
<mandatory>false</mandatory>
<refColNames>id</refColNames>
<transferable>true</transferable>
<rely>false</rely>
<columnDependencyConstraintGenerateInDDL>true</columnDependencyConstraintGenerateInDDL>
</FKIndexAssociation>