<?xml version = '1.0' encoding = 'UTF-8'?>
<FKIndexAssociation class="oracle.dbtools.crest.model.design.relational.FKIndexAssociation" directorySegmentName="seg_0" id="5E943A00-E2F5-A30C-44E5-2E58331F4FE0" containerWithKeyObject="DC55967B-F52E-98BE-CE1C-8EF11AC600F5" localFKIndex="723971E3-B145-2C8A-EA6C-0E30AD4EC737" name="servicio_estado_servicio_fk">
<sourceDDLFile>scripfinal.sql</sourceDDLFile>
<createdBy>crist</createdBy>
<createdTime>2024-10-09 21:31:52 UTC</createdTime>
<ownerDesignName>ProyectoAngeles</ownerDesignName>
<importedID>3DE69049-5844-F640-29B8-D4CA093C9044</importedID>
<referredTableLongName>estado_servicio</referredTableLongName>
<deleteRule>NO ACTION</deleteRule>
<referredTableID>F7EAB4CD-82E8-ED04-FF8E-9E83A5D88BBA</referredTableID>
<keyObject>64169767-D972-3151-BE13-8CA9D345B8E5</keyObject>
<referredKeyID>64169767-D972-3151-BE13-8CA9D345B8E5</referredKeyID>
<mandatory>false</mandatory>
<refColNames>id_estado</refColNames>
<transferable>true</transferable>
<rely>false</rely>
<columnDependencyConstraintGenerateInDDL>true</columnDependencyConstraintGenerateInDDL>
</FKIndexAssociation>