<?xml version = '1.0' encoding = 'UTF-8'?>
<FKIndexAssociation class="oracle.dbtools.crest.model.design.relational.FKIndexAssociation" directorySegmentName="seg_0" id="6ADB7233-7501-2AA8-3F3C-BDB84EA2C121" containerWithKeyObject="F24AD2C8-00C7-9924-65CA-6F5146D09B98" localFKIndex="54D6D610-1B56-6485-B56B-A1FDA6BF286E" name="citas_ventas_fk">
<sourceDDLFile>scripfinal.sql</sourceDDLFile>
<createdBy>crist</createdBy>
<createdTime>2024-10-09 21:31:52 UTC</createdTime>
<ownerDesignName>ProyectoAngeles</ownerDesignName>
<importedID>0B322A2A-FC1A-D648-2552-A3F8A810137E</importedID>
<referredTableLongName>ventas</referredTableLongName>
<deleteRule>NO ACTION</deleteRule>
<referredTableID>214760D7-CC3A-01C6-3B4D-2A9986514746</referredTableID>
<keyObject>91E9A118-7F2B-D9B3-AF14-B8528B68ACAA</keyObject>
<referredKeyID>91E9A118-7F2B-D9B3-AF14-B8528B68ACAA</referredKeyID>
<mandatory>false</mandatory>
<refColNames>id_venta</refColNames>
<transferable>true</transferable>
<rely>false</rely>
<columnDependencyConstraintGenerateInDDL>true</columnDependencyConstraintGenerateInDDL>
</FKIndexAssociation>