<?xml version = '1.0' encoding = 'UTF-8'?>
<FKIndexAssociation class="oracle.dbtools.crest.model.design.relational.FKIndexAssociation" directorySegmentName="seg_0" id="6E5A5D76-697E-9B77-FC60-29A5F440592B" containerWithKeyObject="214760D7-CC3A-01C6-3B4D-2A9986514746" localFKIndex="5B4C3ADA-4845-1834-9380-3DF008B288E5" name="ventas_empleado_fk">
<sourceDDLFile>scripfinal.sql</sourceDDLFile>
<createdBy>crist</createdBy>
<createdTime>2024-10-09 21:31:52 UTC</createdTime>
<ownerDesignName>ProyectoAngeles</ownerDesignName>
<importedID>3AB9D29D-A063-685E-0E05-0B4F9930B8CC</importedID>
<referredTableLongName>empleado</referredTableLongName>
<deleteRule>NO ACTION</deleteRule>
<referredTableID>87866342-C2F5-E7C4-53D2-2642A046B4B7</referredTableID>
<keyObject>5B1FB4D3-0E3D-5ABE-857F-2540C34D56EF</keyObject>
<referredKeyID>5B1FB4D3-0E3D-5ABE-857F-2540C34D56EF</referredKeyID>
<mandatory>false</mandatory>
<refColNames>id_empleado</refColNames>
<transferable>true</transferable>
<rely>false</rely>
<columnDependencyConstraintGenerateInDDL>true</columnDependencyConstraintGenerateInDDL>
</FKIndexAssociation>