<?xml version = '1.0' encoding = 'UTF-8'?>
<FKIndexAssociation class="oracle.dbtools.crest.model.design.relational.FKIndexAssociation" directorySegmentName="seg_0" id="9ADC3362-E5CE-5402-1B17-6D29B6F7DEDB" containerWithKeyObject="3F93C5B2-2778-8B54-1DC3-1ACED0862657" localFKIndex="EB8A1E14-6CEF-767A-992A-F48F469B0612" name="comision_empleado_fk">
<sourceDDLFile>scripfinal.sql</sourceDDLFile>
<createdBy>crist</createdBy>
<createdTime>2024-10-09 21:31:52 UTC</createdTime>
<ownerDesignName>ProyectoAngeles</ownerDesignName>
<importedID>421B9F57-04EF-F0DE-C17B-755B3246ABE3</importedID>
<referredTableLongName>empleado</referredTableLongName>
<deleteRule>NO ACTION</deleteRule>
<referredTableID>87866342-C2F5-E7C4-53D2-2642A046B4B7</referredTableID>
<keyObject>5B1FB4D3-0E3D-5ABE-857F-2540C34D56EF</keyObject>
<referredKeyID>5B1FB4D3-0E3D-5ABE-857F-2540C34D56EF</referredKeyID>
<mandatory>false</mandatory>
<refColNames>id_empleado</refColNames>
<transferable>true</transferable>
<rely>false</rely>
<columnDependencyConstraintGenerateInDDL>true</columnDependencyConstraintGenerateInDDL>
</FKIndexAssociation>