<?xml version = '1.0' encoding = 'UTF-8'?>
<FKIndexAssociation class="oracle.dbtools.crest.model.design.relational.FKIndexAssociation" directorySegmentName="seg_0" id="ED608D5B-CC35-DB7D-23EA-DF3156713738" containerWithKeyObject="3F93C5B2-2778-8B54-1DC3-1ACED0862657" localFKIndex="3B67A8FA-5E8E-6159-E51B-A795B4252D6F" name="comision_abono_fk">
<sourceDDLFile>scripfinal.sql</sourceDDLFile>
<createdBy>crist</createdBy>
<createdTime>2024-10-09 21:31:52 UTC</createdTime>
<ownerDesignName>ProyectoAngeles</ownerDesignName>
<importedID>6E60E13A-FFC0-1731-CEF3-684FFAB56F7D</importedID>
<referredTableLongName>abono</referredTableLongName>
<deleteRule>NO ACTION</deleteRule>
<referredTableID>AA1C694E-9658-33D3-9401-D16490C983FB</referredTableID>
<keyObject>FB271D9E-6436-2B3C-A039-FD7224B87F09</keyObject>
<referredKeyID>FB271D9E-6436-2B3C-A039-FD7224B87F09</referredKeyID>
<mandatory>false</mandatory>
<refColNames>id</refColNames>
<transferable>true</transferable>
<rely>false</rely>
<columnDependencyConstraintGenerateInDDL>true</columnDependencyConstraintGenerateInDDL>
</FKIndexAssociation>