<?xml version = '1.0' encoding = 'UTF-8'?>
<FKIndexAssociation class="oracle.dbtools.crest.model.design.relational.FKIndexAssociation" directorySegmentName="seg_0" id="F65A7A64-6A4A-6FEA-74BE-39F0F8D18FAD" containerWithKeyObject="85396596-4C7C-1DC5-1DC3-325891E75D83" localFKIndex="7A462FB7-AFF7-B55F-551E-26BD1B9DC4B2" name="tipo_pago_abono_fk">
<sourceDDLFile>scripfinal.sql</sourceDDLFile>
<createdBy>crist</createdBy>
<createdTime>2024-10-09 21:31:52 UTC</createdTime>
<ownerDesignName>ProyectoAngeles</ownerDesignName>
<importedID>5064BA29-C612-218A-104B-2D0B82E0938E</importedID>
<referredTableLongName>abono</referredTableLongName>
<deleteRule>NO ACTION</deleteRule>
<referredTableID>AA1C694E-9658-33D3-9401-D16490C983FB</referredTableID>
<keyObject>FB271D9E-6436-2B3C-A039-FD7224B87F09</keyObject>
<referredKeyID>FB271D9E-6436-2B3C-A039-FD7224B87F09</referredKeyID>
<mandatory>true</mandatory>
<refColNames>id</refColNames>
<transferable>true</transferable>
<rely>false</rely>
<columnDependencyConstraintGenerateInDDL>true</columnDependencyConstraintGenerateInDDL>
</FKIndexAssociation>