<?xml version = '1.0' encoding = 'UTF-8'?>
<Table class="oracle.dbtools.crest.model.design.relational.Table" directorySegmentName="seg_0" id="0DE780C7-B02B-E541-13AB-47097E3DD88C" name="ventas">
<createdBy>jimmy</createdBy>
<createdTime>2024-12-02 23:35:35 UTC</createdTime>
<generatorID>2A650AA9-03C1-0E89-3E2F-35936BFD6825</generatorID>
<ownerDesignName>ProyectoAngeles</ownerDesignName>
<allowColumnReorder>false</allowColumnReorder>
<existDependencyGenerateInDDl>true</existDependencyGenerateInDDl>
<parsed>true</parsed>
<columns itemClass="oracle.dbtools.crest.model.design.relational.Column">
<Column name="id_venta" id="BAFEEF65-EC07-EB8A-F4BD-F1A8496BDDF4">
<createdBy>jimmy</createdBy>
<createdTime>2024-12-02 23:35:35 UTC</createdTime>
<generatorID>9010D881-FB67-8D47-4D21-74FD464E6C27</generatorID>
<ownerDesignName>ProyectoAngeles</ownerDesignName>
<use>0</use>
<logicalDatatype>LOGDT011</logicalDatatype>
<domain>97A67F11-3830-65C1-65FB-2618E73645BB</domain>
<ownDataTypeParameters>,,</ownDataTypeParameters>
<autoIncrementCycle>false</autoIncrementCycle>
</Column>
<Column name="cliente_rut" id="1F502395-EFB3-28F7-B467-2B88F624BEB4">
<createdBy>jimmy</createdBy>
<createdTime>2024-12-02 23:35:35 UTC</createdTime>
<generatorID>AA133751-C376-B81F-A93A-17158ECD7867</generatorID>
<ownerDesignName>ProyectoAngeles</ownerDesignName>
<use>0</use>
<logicalDatatype>LOGDT024</logicalDatatype>
<domain>2496BB0E-78D5-22AD-532B-21E01F2480CA</domain>
<ownDataTypeParameters>,,</ownDataTypeParameters>
<previousColumn>false</previousColumn>
<autoIncrementCycle>false</autoIncrementCycle>
<associations>
<colAssociation fkAssociation="4972D09A-9902-AA0F-A8B6-D594982E4B1A" referredColumn="58240AF4-0495-D9E1-5388-A501ECB21E41"/>
</associations>
</Column>
<Column name="empleado_id_empleado" id="23CD3B51-91C9-3B3B-BE4E-8D6C50A20C43">
<createdBy>jimmy</createdBy>
<createdTime>2024-12-02 23:35:35 UTC</createdTime>
<generatorID>EF0A7F25-F04F-9342-59C3-37FF552B0528</generatorID>
<ownerDesignName>ProyectoAngeles</ownerDesignName>
<use>0</use>
<logicalDatatype>LOGDT011</logicalDatatype>
<domain>97A67F11-3830-65C1-65FB-2618E73645BB</domain>
<ownDataTypeParameters>,,</ownDataTypeParameters>
<previousColumn>false</previousColumn>
<autoIncrementCycle>false</autoIncrementCycle>
<associations>
<colAssociation fkAssociation="00D6F37D-AB87-2044-0E33-9E13F8B8B119" referredColumn="821E80F1-E4FF-40A3-F232-2462AB3339DB"/>
</associations>
</Column>
<Column name="price" id="410E90E2-4182-82AC-C53D-284A83566072">
<createdBy>jimmy</createdBy>
<createdTime>2024-12-02 23:35:35 UTC</createdTime>
<generatorID>6B66BE5B-881A-38CC-73D5-53E800BF8650</generatorID>
<ownerDesignName>ProyectoAngeles</ownerDesignName>
<use>0</use>
<logicalDatatype>LOGDT011</logicalDatatype>
<domain>97A67F11-3830-65C1-65FB-2618E73645BB</domain>
<ownDataTypeParameters>,,</ownDataTypeParameters>
<autoIncrementCycle>false</autoIncrementCycle>
</Column>
<Column name="description" id="8168F33B-3A46-39C8-F82E-F6E5BD7C5191">
<createdBy>jimmy</createdBy>
<createdTime>2024-12-02 23:35:35 UTC</createdTime>
<generatorID>EDD13E4F-F11D-0E19-ACDC-B93B268282FD</generatorID>
<ownerDesignName>ProyectoAngeles</ownerDesignName>
<nullsAllowed>true</nullsAllowed>
<useDomainConstraints>false</useDomainConstraints>
<use>1</use>
<logicalDatatype>LOGDT024</logicalDatatype>
<dataTypeSize>100</dataTypeSize>
<ownDataTypeParameters>100,,</ownDataTypeParameters>
<autoIncrementCycle>false</autoIncrementCycle>
</Column>
<Column name="fecha_trans" id="09E8BB00-76CF-DF30-3649-D22F91ED5DC2">
<createdBy>jimmy</createdBy>
<createdTime>2024-12-02 23:35:35 UTC</createdTime>
<generatorID>DD17979E-91DE-30A7-A18A-3C800D3823DC</generatorID>
<ownerDesignName>ProyectoAngeles</ownerDesignName>
<useDomainConstraints>false</useDomainConstraints>
<use>0</use>
<logicalDatatype>LOGDT007</logicalDatatype>
<domain>C91E96CB-76BF-2586-3D33-CD6521DAECAE</domain>
<defaultValue>CURRENT_DATE</defaultValue>
<ownDataTypeParameters>,,</ownDataTypeParameters>
<autoIncrementCycle>false</autoIncrementCycle>
</Column>
<Column name="Estado_de_venta_id_e_v" id="DCB2847A-9BA5-1EAC-EBE8-B99ED85168F1">
<createdBy>jimmy</createdBy>
<createdTime>2024-12-02 23:35:35 UTC</createdTime>
<generatorID>DACCA044-8A9B-EAE6-948A-3783C4109C21</generatorID>
<ownerDesignName>ProyectoAngeles</ownerDesignName>
<use>0</use>
<logicalDatatype>LOGDT011</logicalDatatype>
<domain>97A67F11-3830-65C1-65FB-2618E73645BB</domain>
<ownDataTypeParameters>,,</ownDataTypeParameters>
<previousColumn>false</previousColumn>
<autoIncrementCycle>false</autoIncrementCycle>
<associations>
<colAssociation fkAssociation="C9847474-46B7-BE16-D5BF-17A436500C87" referredColumn="675AFA82-5A1B-3E7E-C3A8-49E6113D13E0"/>
</associations>
</Column>
</columns>
<indexes itemClass="oracle.dbtools.crest.model.design.relational.Index">
<ind_PK_UK id="FCA2AE76-A8AD-2E1A-387A-438C371AD020" name="ventas_PK">
<createdBy>jimmy</createdBy>
<createdTime>2024-12-02 23:35:35 UTC</createdTime>
<generatorID>2EACA382-3AEB-823B-DC0A-0D5C07DBA988</generatorID>
<ownerDesignName>ProyectoAngeles</ownerDesignName>
<pk>true</pk>
<indexState>Primary Constraint</indexState>
<isSurrogateKey>false</isSurrogateKey>
<indexColumnUsage>
<colUsage columnID="BAFEEF65-EC07-EB8A-F4BD-F1A8496BDDF4"/>
</indexColumnUsage>
</ind_PK_UK>
<ind_PK_UK id="5206F8E0-425F-B0FC-5DA0-EC9A1231A9F4" name="ventas_Estado_de_venta_FK">
<createdBy>jimmy</createdBy>
<createdTime>2024-12-02 23:35:35 UTC</createdTime>
<generatorID>4F76BBF8-BCF8-BA02-3A43-8D4FE60B7D95</generatorID>
<ownerDesignName>ProyectoAngeles</ownerDesignName>
<indexState>Foreign Key</indexState>
<isSurrogateKey>false</isSurrogateKey>
<indexColumnUsage>
<colUsage columnID="DCB2847A-9BA5-1EAC-EBE8-B99ED85168F1"/>
</indexColumnUsage>
</ind_PK_UK>
<ind_PK_UK id="DBA0DE50-18F8-8FB6-E7CA-5623877C8246" name="ventas_cliente_FK">
<createdBy>jimmy</createdBy>
<createdTime>2024-12-02 23:35:35 UTC</createdTime>
<generatorID>0ABC506E-C401-9384-278E-C2AE2A9AD963</generatorID>
<ownerDesignName>ProyectoAngeles</ownerDesignName>
<indexState>Foreign Key</indexState>
<isSurrogateKey>false</isSurrogateKey>
<indexColumnUsage>
<colUsage columnID="1F502395-EFB3-28F7-B467-2B88F624BEB4"/>
</indexColumnUsage>
</ind_PK_UK>
<ind_PK_UK id="9FA58E92-4AD0-0316-F939-B801CBEA7C6B" name="ventas_empleado_FK">
<createdBy>jimmy</createdBy>
<createdTime>2024-12-02 23:35:35 UTC</createdTime>
<generatorID>D1329C3A-A1D3-5504-FAC5-09218C168B67</generatorID>
<ownerDesignName>ProyectoAngeles</ownerDesignName>
<indexState>Foreign Key</indexState>
<isSurrogateKey>false</isSurrogateKey>
<indexColumnUsage>
<colUsage columnID="23CD3B51-91C9-3B3B-BE4E-8D6C50A20C43"/>
</indexColumnUsage>
</ind_PK_UK>
</indexes>
</Table>