<?xml version = '1.0' encoding = 'UTF-8'?>
<Table class="oracle.dbtools.crest.model.design.relational.Table" directorySegmentName="seg_0" id="3835FF12-AE2E-75BC-46EB-05AB53221A71" name="comision">
<createdBy>jimmy</createdBy>
<createdTime>2024-12-02 23:35:35 UTC</createdTime>
<generatorID>C05BECF7-23E0-4924-A1C8-07A3379FC131</generatorID>
<ownerDesignName>ProyectoAngeles</ownerDesignName>
<allowColumnReorder>false</allowColumnReorder>
<existDependencyGenerateInDDl>true</existDependencyGenerateInDDl>
<parsed>true</parsed>
<columns itemClass="oracle.dbtools.crest.model.design.relational.Column">
<Column name="id_comision" id="14898542-A41B-FAB4-834F-B3131F10BD09">
<createdBy>jimmy</createdBy>
<createdTime>2024-12-02 23:35:35 UTC</createdTime>
<generatorID>72D2D414-73D3-A6B2-25A0-2FF9103CD781</generatorID>
<ownerDesignName>ProyectoAngeles</ownerDesignName>
<use>0</use>
<logicalDatatype>LOGDT011</logicalDatatype>
<domain>97A67F11-3830-65C1-65FB-2618E73645BB</domain>
<ownDataTypeParameters>,,</ownDataTypeParameters>
<autoIncrementCycle>false</autoIncrementCycle>
</Column>
<Column name="empleado_id_empleado" id="C91D6A40-3B14-60AE-8B4B-0D4B5DA761E8">
<createdBy>jimmy</createdBy>
<createdTime>2024-12-02 23:35:35 UTC</createdTime>
<generatorID>59587C56-6568-8718-3E4D-8D9312D1F705</generatorID>
<ownerDesignName>ProyectoAngeles</ownerDesignName>
<use>0</use>
<logicalDatatype>LOGDT011</logicalDatatype>
<domain>97A67F11-3830-65C1-65FB-2618E73645BB</domain>
<ownDataTypeParameters>,,</ownDataTypeParameters>
<previousColumn>false</previousColumn>
<autoIncrementCycle>false</autoIncrementCycle>
<associations>
<colAssociation fkAssociation="C1478AAA-C988-76DE-F6CC-CA7B6B14F136" referredColumn="821E80F1-E4FF-40A3-F232-2462AB3339DB"/>
</associations>
</Column>
<Column name="fecha" id="3C7CF577-8EFF-A38B-8FDF-9BBC5C4CFF73">
<createdBy>jimmy</createdBy>
<createdTime>2024-12-02 23:35:35 UTC</createdTime>
<generatorID>39299462-3A50-274F-A20C-2C19E012E03F</generatorID>
<ownerDesignName>ProyectoAngeles</ownerDesignName>
<use>0</use>
<logicalDatatype>LOGDT007</logicalDatatype>
<domain>C91E96CB-76BF-2586-3D33-CD6521DAECAE</domain>
<ownDataTypeParameters>,,</ownDataTypeParameters>
<autoIncrementCycle>false</autoIncrementCycle>
</Column>
<Column name="valor" id="44217ADD-0587-7715-D775-CD99B7341CDA">
<createdBy>jimmy</createdBy>
<createdTime>2024-12-02 23:35:35 UTC</createdTime>
<generatorID>A7048E59-68F2-999C-AE07-3D3AA93E3FD9</generatorID>
<ownerDesignName>ProyectoAngeles</ownerDesignName>
<use>0</use>
<logicalDatatype>LOGDT011</logicalDatatype>
<domain>97A67F11-3830-65C1-65FB-2618E73645BB</domain>
<ownDataTypeParameters>,,</ownDataTypeParameters>
<autoIncrementCycle>false</autoIncrementCycle>
</Column>
</columns>
<indexes itemClass="oracle.dbtools.crest.model.design.relational.Index">
<ind_PK_UK id="B54D867D-565C-A6C9-587F-3C3F3BAAF06A" name="comision_PK">
<createdBy>jimmy</createdBy>
<createdTime>2024-12-02 23:35:35 UTC</createdTime>
<generatorID>9D2E0F53-D0BD-89B7-CF77-B9CD07AEE3AD</generatorID>
<ownerDesignName>ProyectoAngeles</ownerDesignName>
<pk>true</pk>
<indexState>Primary Constraint</indexState>
<isSurrogateKey>false</isSurrogateKey>
<indexColumnUsage>
<colUsage columnID="14898542-A41B-FAB4-834F-B3131F10BD09"/>
</indexColumnUsage>
</ind_PK_UK>
<ind_PK_UK id="11A185ED-2A3D-C241-8603-723D9CB33DA1" name="comision_empleado_FK">
<createdBy>jimmy</createdBy>
<createdTime>2024-12-02 23:35:35 UTC</createdTime>
<generatorID>38A397D8-5835-059A-ED8F-50AABC1F41A5</generatorID>
<ownerDesignName>ProyectoAngeles</ownerDesignName>
<indexState>Foreign Key</indexState>
<isSurrogateKey>false</isSurrogateKey>
<indexColumnUsage>
<colUsage columnID="C91D6A40-3B14-60AE-8B4B-0D4B5DA761E8"/>
</indexColumnUsage>
</ind_PK_UK>
</indexes>
</Table>