<?xml version = '1.0' encoding = 'UTF-8'?>
<Table class="oracle.dbtools.crest.model.design.relational.Table" directorySegmentName="seg_0" id="923E18A8-CC19-FA3C-E6ED-4BAEA2887EA5" name="servicio">
<createdBy>jimmy</createdBy>
<createdTime>2024-12-02 23:35:35 UTC</createdTime>
<generatorID>272E479C-A365-A00E-D689-D3CE8F837765</generatorID>
<ownerDesignName>ProyectoAngeles</ownerDesignName>
<allowColumnReorder>false</allowColumnReorder>
<existDependencyGenerateInDDl>true</existDependencyGenerateInDDl>
<parsed>true</parsed>
<columns itemClass="oracle.dbtools.crest.model.design.relational.Column">
<Column name="id_servicio" id="F02B5D8F-9079-8D0F-61C6-B61E7A623F9E">
<createdBy>jimmy</createdBy>
<createdTime>2024-12-02 23:35:35 UTC</createdTime>
<generatorID>3733CFC8-DB8D-D8A5-D49E-942F6A918B35</generatorID>
<ownerDesignName>ProyectoAngeles</ownerDesignName>
<use>0</use>
<logicalDatatype>LOGDT011</logicalDatatype>
<domain>97A67F11-3830-65C1-65FB-2618E73645BB</domain>
<ownDataTypeParameters>,,</ownDataTypeParameters>
<autoIncrementCycle>false</autoIncrementCycle>
</Column>
<Column name="cant_sesiones" id="4F9C5A56-02F0-E1DF-F27A-63EBE45270C4">
<createdBy>jimmy</createdBy>
<createdTime>2024-12-02 23:35:35 UTC</createdTime>
<generatorID>7006D1E6-9AC1-9A05-17D9-DE5D77D73010</generatorID>
<ownerDesignName>ProyectoAngeles</ownerDesignName>
<use>0</use>
<logicalDatatype>LOGDT011</logicalDatatype>
<domain>97A67F11-3830-65C1-65FB-2618E73645BB</domain>
<ownDataTypeParameters>,,</ownDataTypeParameters>
<autoIncrementCycle>false</autoIncrementCycle>
</Column>
<Column name="nom_serv" id="159C78AF-CFFE-A5BF-2929-B548486D1254">
<createdBy>jimmy</createdBy>
<createdTime>2024-12-02 23:35:35 UTC</createdTime>
<generatorID>62CDA866-47A1-4557-A28D-A050268FFE5B</generatorID>
<ownerDesignName>ProyectoAngeles</ownerDesignName>
<useDomainConstraints>false</useDomainConstraints>
<use>1</use>
<logicalDatatype>LOGDT024</logicalDatatype>
<dataTypeSize>30</dataTypeSize>
<ownDataTypeParameters>30,,</ownDataTypeParameters>
<autoIncrementCycle>false</autoIncrementCycle>
</Column>
<Column name="estado_servicio_id_e_s" id="EA06BF16-C027-27AF-FEEF-1B6A940FC36A">
<createdBy>jimmy</createdBy>
<createdTime>2024-12-02 23:35:35 UTC</createdTime>
<generatorID>E7657B1D-0EC4-BA0D-3F75-E4FF0C2D4AF0</generatorID>
<ownerDesignName>ProyectoAngeles</ownerDesignName>
<use>0</use>
<logicalDatatype>LOGDT011</logicalDatatype>
<domain>97A67F11-3830-65C1-65FB-2618E73645BB</domain>
<ownDataTypeParameters>,,</ownDataTypeParameters>
<previousColumn>false</previousColumn>
<autoIncrementCycle>false</autoIncrementCycle>
<associations>
<colAssociation fkAssociation="35DB8F5A-2073-3416-3106-7CE2A9CBD218" referredColumn="77E5BBB1-7841-A7DB-B015-55075A37B9F1"/>
</associations>
</Column>
<Column name="precio_servicio" id="E7124372-45DC-B06A-D42C-E43BBD078FC9">
<createdBy>jimmy</createdBy>
<createdTime>2024-12-09 05:50:06 UTC</createdTime>
<generatorID>76B465F0-5176-774C-F08B-F793D89FB4D0</generatorID>
<ownerDesignName>ProyectoAngeles</ownerDesignName>
<useDomainConstraints>false</useDomainConstraints>
<use>1</use>
<logicalDatatype>LOGDT019</logicalDatatype>
<dataTypePrecision>10</dataTypePrecision>
<ownDataTypeParameters>,10,</ownDataTypeParameters>
<autoIncrementCycle>false</autoIncrementCycle>
</Column>
</columns>
<indexes itemClass="oracle.dbtools.crest.model.design.relational.Index">
<ind_PK_UK id="B99B3109-6605-B078-A5A0-71A9BDD2AA73" name="servicio_PK">
<createdBy>jimmy</createdBy>
<createdTime>2024-12-02 23:35:35 UTC</createdTime>
<generatorID>F019E546-F2C5-DD11-B49D-FD71AF5A375F</generatorID>
<ownerDesignName>ProyectoAngeles</ownerDesignName>
<pk>true</pk>
<indexState>Primary Constraint</indexState>
<isSurrogateKey>false</isSurrogateKey>
<indexColumnUsage>
<colUsage columnID="F02B5D8F-9079-8D0F-61C6-B61E7A623F9E"/>
</indexColumnUsage>
</ind_PK_UK>
<ind_PK_UK id="0A80BA96-2D26-C46A-3808-7DCEDE05655A" name="servicio_estado_servicio_FK">
<createdBy>jimmy</createdBy>
<createdTime>2024-12-02 23:35:35 UTC</createdTime>
<generatorID>E0C90AA4-7E8D-38F9-BB81-CFF67761C34C</generatorID>
<ownerDesignName>ProyectoAngeles</ownerDesignName>
<indexState>Foreign Key</indexState>
<isSurrogateKey>false</isSurrogateKey>
<indexColumnUsage>
<colUsage columnID="EA06BF16-C027-27AF-FEEF-1B6A940FC36A"/>
</indexColumnUsage>
</ind_PK_UK>
</indexes>
</Table>