<?xml version = '1.0' encoding = 'UTF-8'?>
<Table class="oracle.dbtools.crest.model.design.relational.Table" directorySegmentName="seg_0" id="9E4258DE-CD4D-A3DB-7530-A56338AAD159" name="detalle_venta">
<createdBy>jimmy</createdBy>
<createdTime>2024-12-02 23:35:35 UTC</createdTime>
<generatorID>D2D0101F-E862-2BBB-A634-97297B385DFD</generatorID>
<ownerDesignName>ProyectoAngeles</ownerDesignName>
<allowColumnReorder>false</allowColumnReorder>
<existDependencyGenerateInDDl>true</existDependencyGenerateInDDl>
<parsed>true</parsed>
<columns itemClass="oracle.dbtools.crest.model.design.relational.Column">
<Column name="id_detalle_venta" id="19CBD072-235E-7BBD-4096-D15D641157E2">
<createdBy>jimmy</createdBy>
<createdTime>2024-12-02 23:35:35 UTC</createdTime>
<generatorID>EBA190FF-7CFC-1847-C5D2-29DC922EDAAB</generatorID>
<ownerDesignName>ProyectoAngeles</ownerDesignName>
<use>0</use>
<logicalDatatype>LOGDT011</logicalDatatype>
<domain>97A67F11-3830-65C1-65FB-2618E73645BB</domain>
<ownDataTypeParameters>,,</ownDataTypeParameters>
<autoIncrementCycle>false</autoIncrementCycle>
</Column>
<Column name="ventas_id_venta" id="0BC6E1BC-00BD-1433-C80E-3EDAFBC1635B">
<createdBy>jimmy</createdBy>
<createdTime>2024-12-02 23:35:35 UTC</createdTime>
<generatorID>77DABAF1-B332-6932-F42F-CB1C2A654611</generatorID>
<ownerDesignName>ProyectoAngeles</ownerDesignName>
<use>0</use>
<logicalDatatype>LOGDT011</logicalDatatype>
<domain>97A67F11-3830-65C1-65FB-2618E73645BB</domain>
<ownDataTypeParameters>,,</ownDataTypeParameters>
<previousColumn>false</previousColumn>
<autoIncrementCycle>false</autoIncrementCycle>
<associations>
<colAssociation fkAssociation="67BF714C-04C2-D1FE-E702-E5C965CCF8E4" referredColumn="BAFEEF65-EC07-EB8A-F4BD-F1A8496BDDF4"/>
</associations>
</Column>
<Column name="cant_sesiones" id="16962BA2-1EB5-21FD-FA17-25C7C58F98DC">
<createdBy>jimmy</createdBy>
<createdTime>2024-12-02 23:35:35 UTC</createdTime>
<generatorID>D3F0CEF4-0543-C64C-83E5-E8031E57CF06</generatorID>
<ownerDesignName>ProyectoAngeles</ownerDesignName>
<use>0</use>
<logicalDatatype>LOGDT011</logicalDatatype>
<domain>97A67F11-3830-65C1-65FB-2618E73645BB</domain>
<ownDataTypeParameters>,,</ownDataTypeParameters>
<autoIncrementCycle>false</autoIncrementCycle>
</Column>
<Column name="precio_d_v" id="A6217AAD-F190-8A59-D169-C426FF1D55CD">
<createdBy>jimmy</createdBy>
<createdTime>2024-12-09 05:50:06 UTC</createdTime>
<generatorID>6F4EDDAE-67A5-03E4-351A-AE95B3613118</generatorID>
<ownerDesignName>ProyectoAngeles</ownerDesignName>
<useDomainConstraints>false</useDomainConstraints>
<use>1</use>
<logicalDatatype>LOGDT019</logicalDatatype>
<ownDataTypeParameters>,,</ownDataTypeParameters>
<autoIncrementCycle>false</autoIncrementCycle>
</Column>
<Column name="servicio_id_servicio" id="CDA1A3ED-AE54-4F50-5878-92FF0097CADC">
<createdBy>jimmy</createdBy>
<createdTime>2024-12-09 05:50:06 UTC</createdTime>
<generatorID>B93CB45C-ABB0-F6FD-536C-4B9A904757B4</generatorID>
<ownerDesignName>ProyectoAngeles</ownerDesignName>
<use>0</use>
<logicalDatatype>LOGDT011</logicalDatatype>
<domain>97A67F11-3830-65C1-65FB-2618E73645BB</domain>
<ownDataTypeParameters>,,</ownDataTypeParameters>
<previousColumn>false</previousColumn>
<autoIncrementCycle>false</autoIncrementCycle>
<associations>
<colAssociation fkAssociation="EA92A238-AE78-2DAF-7203-7FF92769B6B1" referredColumn="F02B5D8F-9079-8D0F-61C6-B61E7A623F9E"/>
</associations>
</Column>
<Column name="citas_id_cita" id="3534D1C6-F5E4-561F-9F64-678E85376244">
<createdBy>jimmy</createdBy>
<createdTime>2024-12-09 05:50:06 UTC</createdTime>
<generatorID>97AF2164-D652-C765-CD6A-1E15376F4060</generatorID>
<ownerDesignName>ProyectoAngeles</ownerDesignName>
<use>0</use>
<logicalDatatype>LOGDT011</logicalDatatype>
<domain>97A67F11-3830-65C1-65FB-2618E73645BB</domain>
<ownDataTypeParameters>,,</ownDataTypeParameters>
<previousColumn>false</previousColumn>
<autoIncrementCycle>false</autoIncrementCycle>
<associations>
<colAssociation fkAssociation="DC25C173-BB0A-B443-5790-52F089C627FC" referredColumn="26ED0E2F-8969-FCC4-9A2E-EE48530D4D58"/>
</associations>
</Column>
</columns>
<indexes itemClass="oracle.dbtools.crest.model.design.relational.Index">
<ind_PK_UK id="49C5C82F-B4D2-05BC-C7DE-2883F38E30B8" name="detalle_venta_PK">
<createdBy>jimmy</createdBy>
<createdTime>2024-12-02 23:35:35 UTC</createdTime>
<generatorID>71D8FCE9-8BDD-B65A-E4BE-04619E282662</generatorID>
<ownerDesignName>ProyectoAngeles</ownerDesignName>
<pk>true</pk>
<indexState>Primary Constraint</indexState>
<isSurrogateKey>false</isSurrogateKey>
<indexColumnUsage>
<colUsage columnID="19CBD072-235E-7BBD-4096-D15D641157E2"/>
</indexColumnUsage>
</ind_PK_UK>
<ind_PK_UK id="288564A5-AFFB-AD42-6006-9DC8CAE79291" name="detalle_venta_ventas_FK">
<createdBy>jimmy</createdBy>
<createdTime>2024-12-02 23:35:35 UTC</createdTime>
<generatorID>15AEB726-756E-AF08-1BE4-D19DFBD30258</generatorID>
<ownerDesignName>ProyectoAngeles</ownerDesignName>
<indexState>Foreign Key</indexState>
<isSurrogateKey>false</isSurrogateKey>
<indexColumnUsage>
<colUsage columnID="0BC6E1BC-00BD-1433-C80E-3EDAFBC1635B"/>
</indexColumnUsage>
</ind_PK_UK>
<ind_PK_UK id="F527CC4B-C2F8-A793-F45D-2141B2A41BBF" name="detalle_venta_servicio_FK">
<createdBy>jimmy</createdBy>
<createdTime>2024-12-09 05:50:06 UTC</createdTime>
<generatorID>F461ADAD-7EE0-1502-C3F1-11C1FB392310</generatorID>
<ownerDesignName>ProyectoAngeles</ownerDesignName>
<indexState>Foreign Key</indexState>
<isSurrogateKey>false</isSurrogateKey>
<indexColumnUsage>
<colUsage columnID="CDA1A3ED-AE54-4F50-5878-92FF0097CADC"/>
</indexColumnUsage>
</ind_PK_UK>
<ind_PK_UK id="82FDF0CC-55E2-59FB-57BC-520CBC1105C3" name="detalle_venta_citas_FK">
<createdBy>jimmy</createdBy>
<createdTime>2024-12-09 05:50:06 UTC</createdTime>
<generatorID>7BA58DF0-274C-7AAC-82FA-F2F64613AD84</generatorID>
<ownerDesignName>ProyectoAngeles</ownerDesignName>
<indexState>Foreign Key</indexState>
<isSurrogateKey>false</isSurrogateKey>
<indexColumnUsage>
<colUsage columnID="3534D1C6-F5E4-561F-9F64-678E85376244"/>
</indexColumnUsage>
</ind_PK_UK>
</indexes>
</Table>