<?xml version = '1.0' encoding = 'UTF-8'?>
<Table class="oracle.dbtools.crest.model.design.relational.Table" directorySegmentName="seg_0" id="D1D64CC4-A2E9-5E6E-AFBF-43C2DFC6948E" name="abono">
<createdBy>jimmy</createdBy>
<createdTime>2024-12-02 23:35:35 UTC</createdTime>
<generatorID>70EAC2DD-1902-99E1-43F6-BE7F001051EE</generatorID>
<ownerDesignName>ProyectoAngeles</ownerDesignName>
<allowColumnReorder>false</allowColumnReorder>
<existDependencyGenerateInDDl>true</existDependencyGenerateInDDl>
<parsed>true</parsed>
<columns itemClass="oracle.dbtools.crest.model.design.relational.Column">
<Column name="id_abono" id="3EFFADAE-1C1D-C366-D8FD-102B08B411F9">
<createdBy>jimmy</createdBy>
<createdTime>2024-12-02 23:35:35 UTC</createdTime>
<generatorID>5B067836-D1A0-6F4D-120A-AAA883C0CB59</generatorID>
<ownerDesignName>ProyectoAngeles</ownerDesignName>
<use>0</use>
<logicalDatatype>LOGDT011</logicalDatatype>
<domain>97A67F11-3830-65C1-65FB-2618E73645BB</domain>
<ownDataTypeParameters>,,</ownDataTypeParameters>
<autoIncrementCycle>false</autoIncrementCycle>
</Column>
<Column name="ventas_id_venta" id="11337544-E03E-19BC-19DF-C2F7426BD5DB">
<createdBy>jimmy</createdBy>
<createdTime>2024-12-02 23:35:35 UTC</createdTime>
<generatorID>3E2A1BAC-F1EF-2F0A-1D3D-3F6784085797</generatorID>
<ownerDesignName>ProyectoAngeles</ownerDesignName>
<use>0</use>
<logicalDatatype>LOGDT011</logicalDatatype>
<domain>97A67F11-3830-65C1-65FB-2618E73645BB</domain>
<ownDataTypeParameters>,,</ownDataTypeParameters>
<previousColumn>false</previousColumn>
<autoIncrementCycle>false</autoIncrementCycle>
<associations>
<colAssociation fkAssociation="7517AE1D-47B7-7108-62C8-471F8791BE07" referredColumn="BAFEEF65-EC07-EB8A-F4BD-F1A8496BDDF4"/>
</associations>
</Column>
<Column name="cantidad_abonada" id="EDBD648B-811D-A7E5-CEB8-7501930CDE5B">
<createdBy>jimmy</createdBy>
<createdTime>2024-12-02 23:35:35 UTC</createdTime>
<generatorID>C12D2AB4-DBB9-7A70-6CB1-F0FAE8655813</generatorID>
<ownerDesignName>ProyectoAngeles</ownerDesignName>
<use>0</use>
<logicalDatatype>LOGDT019</logicalDatatype>
<domain>F905B0C6-09E1-1627-C947-D368C768942E</domain>
<ownDataTypeParameters>,,</ownDataTypeParameters>
<autoIncrementCycle>false</autoIncrementCycle>
</Column>
<Column name="fecha_abono" id="28463D8D-4D0D-F559-ED95-8065D5110DCB">
<createdBy>jimmy</createdBy>
<createdTime>2024-12-02 23:35:35 UTC</createdTime>
<generatorID>7E20BECD-9784-4021-FF00-6F9CA4A292A5</generatorID>
<ownerDesignName>ProyectoAngeles</ownerDesignName>
<use>0</use>
<logicalDatatype>LOGDT007</logicalDatatype>
<domain>C91E96CB-76BF-2586-3D33-CD6521DAECAE</domain>
<defaultValue>CURRENT_DATE</defaultValue>
<ownDataTypeParameters>,,</ownDataTypeParameters>
<autoIncrementCycle>false</autoIncrementCycle>
</Column>
<Column name="comision_id_comision" id="E0192304-C45F-E453-E73D-967B48B485B8">
<createdBy>jimmy</createdBy>
<createdTime>2024-12-09 04:56:39 UTC</createdTime>
<generatorID>D2B4397D-72D4-B8E6-A14D-D6AD95CB7A96</generatorID>
<ownerDesignName>ProyectoAngeles</ownerDesignName>
<use>0</use>
<logicalDatatype>LOGDT011</logicalDatatype>
<domain>97A67F11-3830-65C1-65FB-2618E73645BB</domain>
<ownDataTypeParameters>,,</ownDataTypeParameters>
<previousColumn>false</previousColumn>
<autoIncrementCycle>false</autoIncrementCycle>
<associations>
<colAssociation fkAssociation="4F45555D-EE82-8646-0599-F1204E0C7099" referredColumn="14898542-A41B-FAB4-834F-B3131F10BD09"/>
</associations>
</Column>
<Column name="tipo_pago_id_tipo_pago" id="A9D2A7D9-9F4C-DEC9-08A7-C5D31A6BCD4B">
<createdBy>jimmy</createdBy>
<createdTime>2024-12-09 06:23:46 UTC</createdTime>
<ownerDesignName>ProyectoAngeles</ownerDesignName>
<use>0</use>
<logicalDatatype>LOGDT011</logicalDatatype>
<domain>97A67F11-3830-65C1-65FB-2618E73645BB</domain>
<ownDataTypeParameters>,,</ownDataTypeParameters>
<previousColumn>false</previousColumn>
<autoIncrementCycle>false</autoIncrementCycle>
<associations>
<colAssociation fkAssociation="0B78AEA0-8B00-5A3C-1D0E-EAE2DE63FF57" referredColumn="1F144A6D-8350-6806-CA1A-B54770D682ED"/>
</associations>
</Column>
</columns>
<indexes itemClass="oracle.dbtools.crest.model.design.relational.Index">
<ind_PK_UK id="BCC3EC80-E642-D996-8668-76346C7085B9" name="abono_PK">
<createdBy>jimmy</createdBy>
<createdTime>2024-12-02 23:35:35 UTC</createdTime>
<generatorID>3F4690A2-0AB6-21A8-3DD3-3ABDA0C88689</generatorID>
<ownerDesignName>ProyectoAngeles</ownerDesignName>
<pk>true</pk>
<indexState>Primary Constraint</indexState>
<isSurrogateKey>false</isSurrogateKey>
<indexColumnUsage>
<colUsage columnID="3EFFADAE-1C1D-C366-D8FD-102B08B411F9"/>
</indexColumnUsage>
</ind_PK_UK>
<ind_PK_UK id="144A1391-A9DF-6391-BACF-965C1A65BAEE" name="abono__IDX">
<createdBy>jimmy</createdBy>
<createdTime>2024-12-09 04:56:39 UTC</createdTime>
<ownerDesignName>ProyectoAngeles</ownerDesignName>
<indexState>Unique Plain Index</indexState>
<isSurrogateKey>false</isSurrogateKey>
<relationGeneratorID>A0D6DDF8-512A-B207-E492-22DA6173FD83</relationGeneratorID>
<indexColumnUsage>
<colUsage columnID="E0192304-C45F-E453-E73D-967B48B485B8"/>
</indexColumnUsage>
</ind_PK_UK>
<ind_PK_UK id="C25987A2-CDF9-D564-3100-72C7CBFDB98D" name="abono_ventas_FK">
<createdBy>jimmy</createdBy>
<createdTime>2024-12-02 23:35:35 UTC</createdTime>
<generatorID>285C3917-5A05-A648-C811-2D20A8B6A815</generatorID>
<ownerDesignName>ProyectoAngeles</ownerDesignName>
<indexState>Foreign Key</indexState>
<isSurrogateKey>false</isSurrogateKey>
<indexColumnUsage>
<colUsage columnID="11337544-E03E-19BC-19DF-C2F7426BD5DB"/>
</indexColumnUsage>
</ind_PK_UK>
<ind_PK_UK id="BB3FF275-9841-E2BD-E03A-EADB4ABA8AD0" name="abono_comision_FK">
<createdBy>jimmy</createdBy>
<createdTime>2024-12-09 05:10:42 UTC</createdTime>
<generatorID>A0D6DDF8-512A-B207-E492-22DA6173FD83</generatorID>
<ownerDesignName>ProyectoAngeles</ownerDesignName>
<indexState>Foreign Key</indexState>
<isSurrogateKey>false</isSurrogateKey>
<indexColumnUsage>
<colUsage columnID="E0192304-C45F-E453-E73D-967B48B485B8"/>
</indexColumnUsage>
</ind_PK_UK>
<ind_PK_UK id="67B99242-ED75-4DB6-019F-098C82ED8927" name="abono_tipo_pago_FK">
<createdBy>jimmy</createdBy>
<createdTime>2024-12-09 05:10:42 UTC</createdTime>
<generatorID>F329A5E2-FA2A-E2CD-6973-E1B51FB76473</generatorID>
<ownerDesignName>ProyectoAngeles</ownerDesignName>
<indexState>Foreign Key</indexState>
<isSurrogateKey>false</isSurrogateKey>
<indexColumnUsage>
<colUsage columnID="A9D2A7D9-9F4C-DEC9-08A7-C5D31A6BCD4B"/>
</indexColumnUsage>
</ind_PK_UK>
</indexes>
</Table>