<?xml version = '1.0' encoding = 'UTF-8'?>
<Table class="oracle.dbtools.crest.model.design.relational.Table" directorySegmentName="seg_0" id="E34577C2-DD9A-AFA0-3DE6-67A718F7C251" name="Estado_de_venta">
<createdBy>jimmy</createdBy>
<createdTime>2024-12-02 23:35:35 UTC</createdTime>
<generatorID>36F768FA-1C49-8FFC-4389-2744236A8982</generatorID>
<ownerDesignName>ProyectoAngeles</ownerDesignName>
<allowColumnReorder>false</allowColumnReorder>
<existDependencyGenerateInDDl>true</existDependencyGenerateInDDl>
<parsed>true</parsed>
<columns itemClass="oracle.dbtools.crest.model.design.relational.Column">
<Column name="id_e_v" id="675AFA82-5A1B-3E7E-C3A8-49E6113D13E0">
<createdBy>jimmy</createdBy>
<createdTime>2024-12-02 23:35:35 UTC</createdTime>
<generatorID>6E8B6BA6-8501-EE99-B10E-66B12FDBFEA6</generatorID>
<ownerDesignName>ProyectoAngeles</ownerDesignName>
<use>0</use>
<logicalDatatype>LOGDT011</logicalDatatype>
<domain>97A67F11-3830-65C1-65FB-2618E73645BB</domain>
<ownDataTypeParameters>,,</ownDataTypeParameters>
<autoIncrementCycle>false</autoIncrementCycle>
</Column>
<Column name="nombre" id="D4187FFD-4F03-3E17-29F1-F63B77283C60">
<createdBy>jimmy</createdBy>
<createdTime>2024-12-02 23:35:35 UTC</createdTime>
<generatorID>38644A9C-B821-2FC6-FC8E-324B338401F5</generatorID>
<ownerDesignName>ProyectoAngeles</ownerDesignName>
<useDomainConstraints>false</useDomainConstraints>
<use>1</use>
<logicalDatatype>LOGDT024</logicalDatatype>
<dataTypeSize>100</dataTypeSize>
<ownDataTypeParameters>100,,</ownDataTypeParameters>
<autoIncrementCycle>false</autoIncrementCycle>
</Column>
</columns>
<indexes itemClass="oracle.dbtools.crest.model.design.relational.Index">
<ind_PK_UK id="C96F292E-2BCC-1E3B-CD97-8D2C62D04345" name="Estado_de_venta_PK">
<createdBy>jimmy</createdBy>
<createdTime>2024-12-02 23:35:35 UTC</createdTime>
<generatorID>0DDA064D-5677-EBE9-52BC-C033AE1089AD</generatorID>
<ownerDesignName>ProyectoAngeles</ownerDesignName>
<pk>true</pk>
<indexState>Primary Constraint</indexState>
<isSurrogateKey>false</isSurrogateKey>
<indexColumnUsage>
<colUsage columnID="675AFA82-5A1B-3E7E-C3A8-49E6113D13E0"/>
</indexColumnUsage>
</ind_PK_UK>
</indexes>
</Table>