<?xml version = '1.0' encoding = 'UTF-8'?>
<Diagram class="oracle.dbtools.crest.swingui.logical.DPVLogical" name="Logical" id="3D402177-0C94-FC76-96E9-11EF223BD961">
<createdBy>crist</createdBy>
<modifiedBy>crist</modifiedBy>
<createdTime>2024-10-09 21:37:57 UTC</createdTime>
<autoRoute>false</autoRoute>
<boxInbox>true</boxInbox>
<showLegend>false</showLegend>
<showLabels>false</showLabels>
<showRelAttributes>false</showRelAttributes>
<gridEnabled>false</gridEnabled>
<showGrid>false</showGrid>
<diagramColor>-1</diagramColor>
<display>false</display>
<notation>1</notation>
<objectViews>
<OView class="oracle.dbtools.crest.swingui.logical.TVEntity" oid="21775A64-7184-97C8-D81B-842C7B7C8439" otype="Entity" vid="BD6C3AE5-47E3-5E81-B65F-A38AC5FCAF28">
<hideElementsInCurrentOnly>false</hideElementsInCurrentOnly>
<bounds x="670" y="728" width="218" height="150"/>
</OView>
<OView class="oracle.dbtools.crest.swingui.logical.TVEntity" oid="272E479C-A365-A00E-D689-D3CE8F837765" otype="Entity" vid="DA2EFACA-1863-6AC8-D04A-3109E9C58BE0">
<hideElementsInCurrentOnly>false</hideElementsInCurrentOnly>
<bounds x="145" y="501" width="297" height="122"/>
</OView>
<OView class="oracle.dbtools.crest.swingui.logical.TVEntity" oid="2A650AA9-03C1-0E89-3E2F-35936BFD6825" otype="Entity" vid="1B6C28A1-2607-F06E-D4BD-287EE976170D">
<hideElementsInCurrentOnly>false</hideElementsInCurrentOnly>
<bounds x="633" y="426" width="258" height="192"/>
</OView>
<OView class="oracle.dbtools.crest.swingui.logical.TVEntity" oid="70EAC2DD-1902-99E1-43F6-BE7F001051EE" otype="Entity" vid="2E5C0B01-A8EF-F0AE-F52C-2CCD24A6087E">
<hideElementsInCurrentOnly>false</hideElementsInCurrentOnly>
<bounds x="632" y="230" width="223" height="136"/>
</OView>
<OView class="oracle.dbtools.crest.swingui.logical.TVEntity" oid="B6ED434D-4CC9-8C9B-F3C2-736CB7507FC8" otype="Entity" vid="78BFC5F5-C871-957C-7FF9-B1021BEFABF6">
<hideElementsInCurrentOnly>false</hideElementsInCurrentOnly>
<bounds x="1035" y="122" width="216" height="116"/>
</OView>
<OView class="oracle.dbtools.crest.swingui.logical.TVEntity" oid="BEB6A7E8-F2D2-E73F-F28E-D2D6C1204CBA" otype="Entity" vid="3BA039B6-33BB-B1BD-F3A2-D0F6435BF5EE">
<hideElementsInCurrentOnly>false</hideElementsInCurrentOnly>
<bounds x="207" y="806" width="179" height="74"/>
</OView>
<OView class="oracle.dbtools.crest.swingui.logical.TVEntity" oid="C05BECF7-23E0-4924-A1C8-07A3379FC131" otype="Entity" vid="2AFEC63E-D1CF-8F62-4315-2D73E214CE7C">
<hideElementsInCurrentOnly>false</hideElementsInCurrentOnly>
<bounds x="632" y="20" width="271" height="150"/>
</OView>
<OView class="oracle.dbtools.crest.swingui.logical.TVEntity" oid="D2D0101F-E862-2BBB-A634-97297B385DFD" otype="Entity" vid="FAE83BFB-E0BC-4F19-BE38-C757940B308B">
<hideElementsInCurrentOnly>false</hideElementsInCurrentOnly>
<bounds x="189" y="280" width="235" height="136"/>
</OView>
<OView class="oracle.dbtools.crest.swingui.logical.TVEntity" oid="EC72C876-1A5A-3CD8-F17C-C37E8BCCC2DF" otype="Entity" vid="525EE28A-DBB3-A484-8164-1B794BA12C3D">
<hideElementsInCurrentOnly>false</hideElementsInCurrentOnly>
<bounds x="1059" y="418" width="216" height="116"/>
</OView>
<OView class="oracle.dbtools.crest.swingui.logical.TVEntity" oid="FB51851E-2DEE-5628-C25A-010D1F23E3AD" otype="Entity" vid="240D8A59-A53A-24FB-9DB8-7C684E84134D">
<hideElementsInCurrentOnly>false</hideElementsInCurrentOnly>
<bounds x="248" y="37" width="217" height="142"/>
</OView>
</objectViews>
<connectors>
<Connector class="oracle.dbtools.crest.swingui.logical.TVRelation" oid="0ABC506E-C401-9384-278E-C2AE2A9AD963" otype="Relation" vid_source="525EE28A-DBB3-A484-8164-1B794BA12C3D" vid_target="1B6C28A1-2607-F06E-D4BD-287EE976170D">
<hideElementsInCurrentOnly>false</hideElementsInCurrentOnly>
<backgroundColor>-16777216</backgroundColor>
<lineWidth>1</lineWidth>
<points>
<point x="1059" y="480"/>
<point x="891" y="480"/>
</points>
</Connector>
<Connector class="oracle.dbtools.crest.swingui.logical.TVRelation" oid="15AEB726-756E-AF08-1BE4-D19DFBD30258" otype="Relation" vid_source="1B6C28A1-2607-F06E-D4BD-287EE976170D" vid_target="FAE83BFB-E0BC-4F19-BE38-C757940B308B">
<hideElementsInCurrentOnly>false</hideElementsInCurrentOnly>
<backgroundColor>-16777216</backgroundColor>
<lineWidth>1</lineWidth>
<points>
<point x="633" y="472"/>
<point x="424" y="392"/>
</points>
</Connector>
<Connector class="oracle.dbtools.crest.swingui.logical.TVRelation" oid="285C3917-5A05-A648-C811-2D20A8B6A815" otype="Relation" vid_source="1B6C28A1-2607-F06E-D4BD-287EE976170D" vid_target="2E5C0B01-A8EF-F0AE-F52C-2CCD24A6087E">
<hideElementsInCurrentOnly>false</hideElementsInCurrentOnly>
<backgroundColor>-16777216</backgroundColor>
<lineWidth>1</lineWidth>
<points>
<point x="744" y="426"/>
<point x="744" y="366"/>
</points>
</Connector>
<Connector class="oracle.dbtools.crest.swingui.logical.TVRelation" oid="38A397D8-5835-059A-ED8F-50AABC1F41A5" otype="Relation" vid_source="78BFC5F5-C871-957C-7FF9-B1021BEFABF6" vid_target="2AFEC63E-D1CF-8F62-4315-2D73E214CE7C">
<hideElementsInCurrentOnly>false</hideElementsInCurrentOnly>
<backgroundColor>-16777216</backgroundColor>
<lineWidth>1</lineWidth>
<points>
<point x="1035" y="146"/>
<point x="903" y="146"/>
</points>
</Connector>
<Connector class="oracle.dbtools.crest.swingui.logical.TVRelation" oid="A0D6DDF8-512A-B207-E492-22DA6173FD83" otype="Relation" vid_source="2E5C0B01-A8EF-F0AE-F52C-2CCD24A6087E" vid_target="2AFEC63E-D1CF-8F62-4315-2D73E214CE7C">
<hideElementsInCurrentOnly>false</hideElementsInCurrentOnly>
<backgroundColor>-16777216</backgroundColor>
<lineWidth>1</lineWidth>
<points>
<point x="743" y="230"/>
<point x="743" y="170"/>
</points>
</Connector>
<Connector class="oracle.dbtools.crest.swingui.logical.TVRelation" oid="D1329C3A-A1D3-5504-FAC5-09218C168B67" otype="Relation" vid_source="78BFC5F5-C871-957C-7FF9-B1021BEFABF6" vid_target="1B6C28A1-2607-F06E-D4BD-287EE976170D">
<hideElementsInCurrentOnly>false</hideElementsInCurrentOnly>
<backgroundColor>-16777216</backgroundColor>
<lineWidth>1</lineWidth>
<points>
<point x="1078" y="238"/>
<point x="853" y="426"/>
</points>
</Connector>
<Connector class="oracle.dbtools.crest.swingui.logical.TVRelation" oid="E0C90AA4-7E8D-38F9-BB81-CFF67761C34C" otype="Relation" vid_source="3BA039B6-33BB-B1BD-F3A2-D0F6435BF5EE" vid_target="DA2EFACA-1863-6AC8-D04A-3109E9C58BE0">
<hideElementsInCurrentOnly>false</hideElementsInCurrentOnly>
<backgroundColor>-16777216</backgroundColor>
<lineWidth>1</lineWidth>
<points>
<point x="296" y="806"/>
<point x="296" y="623"/>
</points>
</Connector>
<Connector class="oracle.dbtools.crest.swingui.logical.TVRelation" oid="F329A5E2-FA2A-E2CD-6973-E1B51FB76473" otype="Relation" vid_source="2E5C0B01-A8EF-F0AE-F52C-2CCD24A6087E" vid_target="240D8A59-A53A-24FB-9DB8-7C684E84134D">
<hideElementsInCurrentOnly>false</hideElementsInCurrentOnly>
<backgroundColor>-16777216</backgroundColor>
<lineWidth>1</lineWidth>
<points>
<point x="632" y="243"/>
<point x="465" y="161"/>
</points>
</Connector>
<Connector class="oracle.dbtools.crest.swingui.logical.TVRelation" oid="F461ADAD-7EE0-1502-C3F1-11C1FB392310" otype="Relation" vid_source="DA2EFACA-1863-6AC8-D04A-3109E9C58BE0" vid_target="FAE83BFB-E0BC-4F19-BE38-C757940B308B">
<hideElementsInCurrentOnly>false</hideElementsInCurrentOnly>
<backgroundColor>-16777216</backgroundColor>
<lineWidth>1</lineWidth>
<points>
<point x="306" y="501"/>
<point x="306" y="416"/>
</points>
</Connector>
<Connector class="oracle.dbtools.crest.swingui.logical.TVRelation" oid="FF79EE81-D6DF-A961-FF65-93F5207DC27C" otype="Relation" vid_source="1B6C28A1-2607-F06E-D4BD-287EE976170D" vid_target="BD6C3AE5-47E3-5E81-B65F-A38AC5FCAF28">
<hideElementsInCurrentOnly>false</hideElementsInCurrentOnly>
<backgroundColor>-16777216</backgroundColor>
<lineWidth>1</lineWidth>
<points>
<point x="779" y="618"/>
<point x="779" y="728"/>
</points>
</Connector>
</connectors>
</Diagram>