<?xml version = '1.0' encoding = 'UTF-8'?>
<TableProxyOraclev11g class="oracle.dbtools.crest.model.design.storage.oracle.v11g.TableProxyOraclev11g" name="ventas" directorySegmentName="seg_0" id="214760D7-CC3A-01C6-3B4D-2A9986514746">
<createdBy>crist</createdBy>
<createdTime>2024-10-09 21:31:52 UTC</createdTime>
<ownerDesignName>ProyectoAngeles</ownerDesignName>
<logging>YES</logging>
<partitionedRowMovement>DISABLE</partitionedRowMovement>
<temporaryChanged>false</temporaryChanged>
<accessDriverType>oracle_loader</accessDriverType>
<rejectLimit></rejectLimit>
<columnProxies itemClass="oracle.dbtools.crest.model.design.storage.oracle.v12c.ColumnProxyOraclev12c">
<ColumnProxy name="cliente_rut" id="0528B669-4A53-25A0-5F06-0D7DF315FD36">
<createdBy>crist</createdBy>
<createdTime>2024-10-09 21:31:52 UTC</createdTime>
<ownerDesignName>ProyectoAngeles</ownerDesignName>
</ColumnProxy>
<ColumnProxy name="fecha_transaccion" id="057D6ECD-96B2-3ACC-8F6D-76A224F49767">
<createdBy>crist</createdBy>
<createdTime>2024-10-09 21:31:52 UTC</createdTime>
<ownerDesignName>ProyectoAngeles</ownerDesignName>
<defaultValue>CURRENT_DATE</defaultValue>
</ColumnProxy>
<ColumnProxy name="empleado_id_empleado" id="0F296CE6-3440-579D-2811-C1B2935208EA">
<createdBy>crist</createdBy>
<createdTime>2024-10-09 21:31:52 UTC</createdTime>
<ownerDesignName>ProyectoAngeles</ownerDesignName>
</ColumnProxy>
<ColumnProxy name="id_tipo_pago" id="2F806E6D-08DA-2F57-4015-6018757B97B6">
<createdBy>crist</createdBy>
<createdTime>2024-10-09 21:31:52 UTC</createdTime>
<ownerDesignName>ProyectoAngeles</ownerDesignName>
</ColumnProxy>
<ColumnProxy name="servicio_id" id="775A73FE-48AE-6869-7633-1A79B2FC6079">
<createdBy>crist</createdBy>
<createdTime>2024-10-09 21:31:52 UTC</createdTime>
<ownerDesignName>ProyectoAngeles</ownerDesignName>
</ColumnProxy>
<ColumnProxy name="descripcion" id="890CF31F-2D19-32BB-50B8-88F61ABC7FB5">
<createdBy>crist</createdBy>
<createdTime>2024-10-09 21:31:52 UTC</createdTime>
<ownerDesignName>ProyectoAngeles</ownerDesignName>
</ColumnProxy>
<ColumnProxy name="total" id="9C6E8DD5-ACD5-4354-F85D-B01D57F4633B">
<createdBy>crist</createdBy>
<createdTime>2024-10-09 21:31:52 UTC</createdTime>
<ownerDesignName>ProyectoAngeles</ownerDesignName>
</ColumnProxy>
<ColumnProxy name="id_venta" id="F3B2657C-2A7C-2F54-3A38-D5BDA324EF8D">
<createdBy>crist</createdBy>
<createdTime>2024-10-09 21:31:52 UTC</createdTime>
<ownerDesignName>ProyectoAngeles</ownerDesignName>
</ColumnProxy>
</columnProxies>
<foreignKeys>
<ForeignKey class="oracle.dbtools.crest.model.design.storage.oracle.v10g.FKProxyOraclev10g" name="ventas_empleado_fk" id="5B4C3ADA-4845-1834-9380-3DF008B288E5">
<createdBy>crist</createdBy>
<createdTime>2024-10-09 21:31:52 UTC</createdTime>
<ownerDesignName>ProyectoAngeles</ownerDesignName>
</ForeignKey>
<ForeignKey class="oracle.dbtools.crest.model.design.storage.oracle.v10g.FKProxyOraclev10g" name="ventas_cliente_fk" id="B1A5AFC5-588B-CD08-7C8E-63AC637DD075">
<createdBy>crist</createdBy>
<createdTime>2024-10-09 21:31:52 UTC</createdTime>
<ownerDesignName>ProyectoAngeles</ownerDesignName>
</ForeignKey>
</foreignKeys>
<primaryKeys>
<PrimaryKey class="oracle.dbtools.crest.model.design.storage.oracle.v10g.PKProxyOraclev10g" name="ventas_pk" id="91E9A118-7F2B-D9B3-AF14-B8528B68ACAA">
<createdBy>crist</createdBy>
<createdTime>2024-10-09 21:31:52 UTC</createdTime>
<ownerDesignName>ProyectoAngeles</ownerDesignName>
<indexSort>SORTED</indexSort>
</PrimaryKey>
</primaryKeys>
</TableProxyOraclev11g>