<?xml version = '1.0' encoding = 'UTF-8'?>
<TableProxyOraclev11g class="oracle.dbtools.crest.model.design.storage.oracle.v11g.TableProxyOraclev11g" name="detalle_venta" directorySegmentName="seg_0" id="931457A5-0CEC-547E-5F18-A884CE5354A7">
<createdBy>crist</createdBy>
<createdTime>2024-10-09 21:31:52 UTC</createdTime>
<ownerDesignName>ProyectoAngeles</ownerDesignName>
<logging>YES</logging>
<partitionedRowMovement>DISABLE</partitionedRowMovement>
<temporaryChanged>false</temporaryChanged>
<accessDriverType>oracle_loader</accessDriverType>
<rejectLimit></rejectLimit>
<columnProxies itemClass="oracle.dbtools.crest.model.design.storage.oracle.v12c.ColumnProxyOraclev12c">
<ColumnProxy name="cant_sesiones" id="31A120DB-CC1C-0A78-1A85-4F58D5D3C7F5">
<createdBy>crist</createdBy>
<createdTime>2024-10-09 21:31:52 UTC</createdTime>
<ownerDesignName>ProyectoAngeles</ownerDesignName>
</ColumnProxy>
<ColumnProxy name="ventas_id_venta" id="37A91CB7-802E-8650-87B7-B8F16AEBE5BA">
<createdBy>crist</createdBy>
<createdTime>2024-10-09 21:31:52 UTC</createdTime>
<ownerDesignName>ProyectoAngeles</ownerDesignName>
</ColumnProxy>
<ColumnProxy name="servicio_id" id="4E129E8B-D88E-3B3C-DE37-C469B0F8EDE1">
<createdBy>crist</createdBy>
<createdTime>2024-10-09 21:31:52 UTC</createdTime>
<ownerDesignName>ProyectoAngeles</ownerDesignName>
</ColumnProxy>
<ColumnProxy name="id" id="FE2B1E8B-D9A1-447B-2D42-B3C828B39086">
<createdBy>crist</createdBy>
<createdTime>2024-10-09 21:31:52 UTC</createdTime>
<ownerDesignName>ProyectoAngeles</ownerDesignName>
</ColumnProxy>
</columnProxies>
<foreignKeys>
<ForeignKey class="oracle.dbtools.crest.model.design.storage.oracle.v10g.FKProxyOraclev10g" name="detalle_venta_servicio_fk" id="284A53BA-6A1F-6B3C-2274-6CB0B8B67A5A">
<createdBy>crist</createdBy>
<createdTime>2024-10-09 21:31:52 UTC</createdTime>
<ownerDesignName>ProyectoAngeles</ownerDesignName>
</ForeignKey>
<ForeignKey class="oracle.dbtools.crest.model.design.storage.oracle.v10g.FKProxyOraclev10g" name="detalle_venta_ventas_fk" id="872E978E-D1D2-1F30-4B7D-B9F8D1FFB211">
<createdBy>crist</createdBy>
<createdTime>2024-10-09 21:31:52 UTC</createdTime>
<ownerDesignName>ProyectoAngeles</ownerDesignName>
</ForeignKey>
</foreignKeys>
<primaryKeys>
<PrimaryKey class="oracle.dbtools.crest.model.design.storage.oracle.v10g.PKProxyOraclev10g" name="detalle_venta_pk" id="1A73B9A9-BC0E-6008-56B1-0943CDDC029B">
<createdBy>crist</createdBy>
<createdTime>2024-10-09 21:31:52 UTC</createdTime>
<ownerDesignName>ProyectoAngeles</ownerDesignName>
<indexSort>SORTED</indexSort>
</PrimaryKey>
</primaryKeys>
</TableProxyOraclev11g>