<?xml version = '1.0' encoding = 'UTF-8'?>
<osdmAllTables:Tables xmlns:osdmAllTables="http://oracle.com/datamodeler/reports/tables">
   <osdmAllTables:ReportCaption>Diccionario base de datos</osdmAllTables:ReportCaption>
   <osdmAllTables:CompanyName>Angeles Scheduler</osdmAllTables:CompanyName>
   <osdmAllTables:UsePageBreaks>true</osdmAllTables:UsePageBreaks>
   <osdmAllTables:DesignName>ProyectoAngeles</osdmAllTables:DesignName>
   <osdmAllTables:VersionDate>09.12.2024 08:29:43</osdmAllTables:VersionDate>
   <osdmAllTables:ModelName>Relational_1</osdmAllTables:ModelName>
   <osdmAllTables:TablesCollection>
      <osdmAllTables:TableDetails>
         <osdmAllTables:TableName>Estado_de_venta</osdmAllTables:TableName>
         <osdmAllTables:EncodedTableName>E34577C2-67A718F7C251</osdmAllTables:EncodedTableName>
         <osdmAllTables:FunctionalName>Estado de venta</osdmAllTables:FunctionalName>
         <osdmAllTables:Abbreviation/>
         <osdmAllTables:ClassificationTypeName/>
         <osdmAllTables:ObjectTypeName/>
         <osdmAllTables:MVPrebuilt/>
         <osdmAllTables:MVQuery/>
         <osdmAllTables:QuantitativeInfoCollection>
            <osdmAllTables:NumberOfColumns>2</osdmAllTables:NumberOfColumns>
            <osdmAllTables:NumberOfRowsMin>0</osdmAllTables:NumberOfRowsMin>
            <osdmAllTables:NumberOfRowsMax>9999999</osdmAllTables:NumberOfRowsMax>
            <osdmAllTables:ExpectedNumberOfRows>0</osdmAllTables:ExpectedNumberOfRows>
            <osdmAllTables:ExpectedGrowth>0</osdmAllTables:ExpectedGrowth>
            <osdmAllTables:GrowthInterval>Year</osdmAllTables:GrowthInterval>
         </osdmAllTables:QuantitativeInfoCollection>
         <osdmAllTables:ColumnsCollection>
            <osdmAllTables:ColumnDetails>
               <osdmAllTables:Sequence>1</osdmAllTables:Sequence>
               <osdmAllTables:ColumnName>id_e_v</osdmAllTables:ColumnName>
               <osdmAllTables:PK>P</osdmAllTables:PK>
               <osdmAllTables:FK/>
               <osdmAllTables:M>Y</osdmAllTables:M>
               <osdmAllTables:DataType>Integer</osdmAllTables:DataType>
               <osdmAllTables:DataTypeKind>DOM</osdmAllTables:DataTypeKind>
               <osdmAllTables:DomainName>Integer_0_0_0</osdmAllTables:DomainName>
               <osdmAllTables:Formula/>
               <osdmAllTables:Security/>
               <osdmAllTables:PreferredAbbreviation/>
            </osdmAllTables:ColumnDetails>
            <osdmAllTables:ColumnDetails>
               <osdmAllTables:Sequence>2</osdmAllTables:Sequence>
               <osdmAllTables:ColumnName>nombre</osdmAllTables:ColumnName>
               <osdmAllTables:PK/>
               <osdmAllTables:FK/>
               <osdmAllTables:M>Y</osdmAllTables:M>
               <osdmAllTables:DataType>VARCHAR (100) </osdmAllTables:DataType>
               <osdmAllTables:DataTypeKind>LT</osdmAllTables:DataTypeKind>
               <osdmAllTables:DomainName/>
               <osdmAllTables:Formula/>
               <osdmAllTables:Security/>
               <osdmAllTables:PreferredAbbreviation/>
            </osdmAllTables:ColumnDetails>
         </osdmAllTables:ColumnsCollection>
         <osdmAllTables:IndexesCollection>
            <osdmAllTables:IndexDetails>
               <osdmAllTables:IndexName>Estado_de_venta_PK</osdmAllTables:IndexName>
               <osdmAllTables:IndexState>PK</osdmAllTables:IndexState>
               <osdmAllTables:IndexFunctional/>
               <osdmAllTables:IndexSpatial/>
               <osdmAllTables:IndexExpression/>
               <osdmAllTables:IndexColumnName>id_e_v</osdmAllTables:IndexColumnName>
               <osdmAllTables:IndexSortOrder>ASC</osdmAllTables:IndexSortOrder>
            </osdmAllTables:IndexDetails>
         </osdmAllTables:IndexesCollection>
         <osdmAllTables:FKRFCollection>
            <osdmAllTables:FKRFDetails>
               <osdmAllTables:FKName>ventas_Estado_de_venta_FK</osdmAllTables:FKName>
               <osdmAllTables:FKReferredFrom>ventas</osdmAllTables:FKReferredFrom>
               <osdmAllTables:FKMandatory>Y</osdmAllTables:FKMandatory>
               <osdmAllTables:FKTransferable>Y</osdmAllTables:FKTransferable>
               <osdmAllTables:FKInArc/>
               <osdmAllTables:FKReferringColumnName>id_e_v</osdmAllTables:FKReferringColumnName>
               <osdmAllTables:FKReferredColumnName>Estado_de_venta_id_e_v</osdmAllTables:FKReferredColumnName>
               <osdmAllTables:FKDeleteRule/>
            </osdmAllTables:FKRFDetails>
         </osdmAllTables:FKRFCollection>
      </osdmAllTables:TableDetails>
      <osdmAllTables:TableDetails>
         <osdmAllTables:TableName>abono</osdmAllTables:TableName>
         <osdmAllTables:EncodedTableName>D1D64CC4-43C2DFC6948E</osdmAllTables:EncodedTableName>
         <osdmAllTables:FunctionalName>abono</osdmAllTables:FunctionalName>
         <osdmAllTables:Abbreviation/>
         <osdmAllTables:ClassificationTypeName/>
         <osdmAllTables:ObjectTypeName/>
         <osdmAllTables:MVPrebuilt/>
         <osdmAllTables:MVQuery/>
         <osdmAllTables:QuantitativeInfoCollection>
            <osdmAllTables:NumberOfColumns>6</osdmAllTables:NumberOfColumns>
            <osdmAllTables:NumberOfRowsMin>0</osdmAllTables:NumberOfRowsMin>
            <osdmAllTables:NumberOfRowsMax>9999999</osdmAllTables:NumberOfRowsMax>
            <osdmAllTables:ExpectedNumberOfRows>0</osdmAllTables:ExpectedNumberOfRows>
            <osdmAllTables:ExpectedGrowth>0</osdmAllTables:ExpectedGrowth>
            <osdmAllTables:GrowthInterval>Year</osdmAllTables:GrowthInterval>
         </osdmAllTables:QuantitativeInfoCollection>
         <osdmAllTables:ColumnsCollection>
            <osdmAllTables:ColumnDetails>
               <osdmAllTables:Sequence>1</osdmAllTables:Sequence>
               <osdmAllTables:ColumnName>id_abono</osdmAllTables:ColumnName>
               <osdmAllTables:PK>P</osdmAllTables:PK>
               <osdmAllTables:FK/>
               <osdmAllTables:M>Y</osdmAllTables:M>
               <osdmAllTables:DataType>Integer</osdmAllTables:DataType>
               <osdmAllTables:DataTypeKind>DOM</osdmAllTables:DataTypeKind>
               <osdmAllTables:DomainName>Integer_0_0_0</osdmAllTables:DomainName>
               <osdmAllTables:Formula/>
               <osdmAllTables:Security/>
               <osdmAllTables:PreferredAbbreviation/>
            </osdmAllTables:ColumnDetails>
            <osdmAllTables:ColumnDetails>
               <osdmAllTables:Sequence>2</osdmAllTables:Sequence>
               <osdmAllTables:ColumnName>ventas_id_venta</osdmAllTables:ColumnName>
               <osdmAllTables:PK/>
               <osdmAllTables:FK>F</osdmAllTables:FK>
               <osdmAllTables:M>Y</osdmAllTables:M>
               <osdmAllTables:DataType>Integer</osdmAllTables:DataType>
               <osdmAllTables:DataTypeKind>DOM</osdmAllTables:DataTypeKind>
               <osdmAllTables:DomainName>Integer_0_0_0</osdmAllTables:DomainName>
               <osdmAllTables:Formula/>
               <osdmAllTables:Security/>
               <osdmAllTables:PreferredAbbreviation/>
            </osdmAllTables:ColumnDetails>
            <osdmAllTables:ColumnDetails>
               <osdmAllTables:Sequence>3</osdmAllTables:Sequence>
               <osdmAllTables:ColumnName>cantidad_abonada</osdmAllTables:ColumnName>
               <osdmAllTables:PK/>
               <osdmAllTables:FK/>
               <osdmAllTables:M>Y</osdmAllTables:M>
               <osdmAllTables:DataType>NUMERIC (10,2)</osdmAllTables:DataType>
               <osdmAllTables:DataTypeKind>DOM</osdmAllTables:DataTypeKind>
               <osdmAllTables:DomainName>NUMERIC_10_2_0</osdmAllTables:DomainName>
               <osdmAllTables:Formula/>
               <osdmAllTables:Security/>
               <osdmAllTables:PreferredAbbreviation/>
            </osdmAllTables:ColumnDetails>
            <osdmAllTables:ColumnDetails>
               <osdmAllTables:Sequence>4</osdmAllTables:Sequence>
               <osdmAllTables:ColumnName>fecha_abono</osdmAllTables:ColumnName>
               <osdmAllTables:PK/>
               <osdmAllTables:FK/>
               <osdmAllTables:M>Y</osdmAllTables:M>
               <osdmAllTables:DataType>Date</osdmAllTables:DataType>
               <osdmAllTables:DataTypeKind>DOM</osdmAllTables:DataTypeKind>
               <osdmAllTables:DomainName>Date_0_0_0</osdmAllTables:DomainName>
               <osdmAllTables:Formula>CURRENT_DATE</osdmAllTables:Formula>
               <osdmAllTables:Security/>
               <osdmAllTables:PreferredAbbreviation/>
            </osdmAllTables:ColumnDetails>
            <osdmAllTables:ColumnDetails>
               <osdmAllTables:Sequence>5</osdmAllTables:Sequence>
               <osdmAllTables:ColumnName>comision_id_comision</osdmAllTables:ColumnName>
               <osdmAllTables:PK/>
               <osdmAllTables:FK>F</osdmAllTables:FK>
               <osdmAllTables:M>Y</osdmAllTables:M>
               <osdmAllTables:DataType>Integer</osdmAllTables:DataType>
               <osdmAllTables:DataTypeKind>DOM</osdmAllTables:DataTypeKind>
               <osdmAllTables:DomainName>Integer_0_0_0</osdmAllTables:DomainName>
               <osdmAllTables:Formula/>
               <osdmAllTables:Security/>
               <osdmAllTables:PreferredAbbreviation/>
            </osdmAllTables:ColumnDetails>
            <osdmAllTables:ColumnDetails>
               <osdmAllTables:Sequence>6</osdmAllTables:Sequence>
               <osdmAllTables:ColumnName>tipo_pago_id_tipo_pago</osdmAllTables:ColumnName>
               <osdmAllTables:PK/>
               <osdmAllTables:FK>F</osdmAllTables:FK>
               <osdmAllTables:M>Y</osdmAllTables:M>
               <osdmAllTables:DataType>Integer</osdmAllTables:DataType>
               <osdmAllTables:DataTypeKind>DOM</osdmAllTables:DataTypeKind>
               <osdmAllTables:DomainName>Integer_0_0_0</osdmAllTables:DomainName>
               <osdmAllTables:Formula/>
               <osdmAllTables:Security/>
               <osdmAllTables:PreferredAbbreviation/>
            </osdmAllTables:ColumnDetails>
         </osdmAllTables:ColumnsCollection>
         <osdmAllTables:IndexesCollection>
            <osdmAllTables:IndexDetails>
               <osdmAllTables:IndexName>abono_PK</osdmAllTables:IndexName>
               <osdmAllTables:IndexState>PK</osdmAllTables:IndexState>
               <osdmAllTables:IndexFunctional/>
               <osdmAllTables:IndexSpatial/>
               <osdmAllTables:IndexExpression/>
               <osdmAllTables:IndexColumnName>id_abono</osdmAllTables:IndexColumnName>
               <osdmAllTables:IndexSortOrder>ASC</osdmAllTables:IndexSortOrder>
            </osdmAllTables:IndexDetails>
            <osdmAllTables:IndexDetails>
               <osdmAllTables:IndexName>abono__IDX</osdmAllTables:IndexName>
               <osdmAllTables:IndexState>UN</osdmAllTables:IndexState>
               <osdmAllTables:IndexFunctional/>
               <osdmAllTables:IndexSpatial/>
               <osdmAllTables:IndexExpression/>
               <osdmAllTables:IndexColumnName>comision_id_comision</osdmAllTables:IndexColumnName>
               <osdmAllTables:IndexSortOrder>ASC</osdmAllTables:IndexSortOrder>
            </osdmAllTables:IndexDetails>
         </osdmAllTables:IndexesCollection>
         <osdmAllTables:FKRTCollection>
            <osdmAllTables:FKRTDetails>
               <osdmAllTables:FKName>abono_tipo_pago_FK</osdmAllTables:FKName>
               <osdmAllTables:FKReferringTo>tipo_pago</osdmAllTables:FKReferringTo>
               <osdmAllTables:FKMandatory>Y</osdmAllTables:FKMandatory>
               <osdmAllTables:FKTransferable>Y</osdmAllTables:FKTransferable>
               <osdmAllTables:FKInArc/>
               <osdmAllTables:FKReferringColumnName>tipo_pago_id_tipo_pago</osdmAllTables:FKReferringColumnName>
               <osdmAllTables:FKReferredColumnName>id_tipo_pago</osdmAllTables:FKReferredColumnName>
               <osdmAllTables:FKDeleteRule/>
            </osdmAllTables:FKRTDetails>
            <osdmAllTables:FKRTDetails>
               <osdmAllTables:FKName>abono_comision_FK</osdmAllTables:FKName>
               <osdmAllTables:FKReferringTo>comision</osdmAllTables:FKReferringTo>
               <osdmAllTables:FKMandatory>Y</osdmAllTables:FKMandatory>
               <osdmAllTables:FKTransferable>Y</osdmAllTables:FKTransferable>
               <osdmAllTables:FKInArc/>
               <osdmAllTables:FKReferringColumnName>comision_id_comision</osdmAllTables:FKReferringColumnName>
               <osdmAllTables:FKReferredColumnName>id_comision</osdmAllTables:FKReferredColumnName>
               <osdmAllTables:FKDeleteRule/>
            </osdmAllTables:FKRTDetails>
            <osdmAllTables:FKRTDetails>
               <osdmAllTables:FKName>abono_ventas_FK</osdmAllTables:FKName>
               <osdmAllTables:FKReferringTo>ventas</osdmAllTables:FKReferringTo>
               <osdmAllTables:FKMandatory>Y</osdmAllTables:FKMandatory>
               <osdmAllTables:FKTransferable>Y</osdmAllTables:FKTransferable>
               <osdmAllTables:FKInArc/>
               <osdmAllTables:FKReferringColumnName>ventas_id_venta</osdmAllTables:FKReferringColumnName>
               <osdmAllTables:FKReferredColumnName>id_venta</osdmAllTables:FKReferredColumnName>
               <osdmAllTables:FKDeleteRule/>
            </osdmAllTables:FKRTDetails>
         </osdmAllTables:FKRTCollection>
      </osdmAllTables:TableDetails>
      <osdmAllTables:TableDetails>
         <osdmAllTables:TableName>citas</osdmAllTables:TableName>
         <osdmAllTables:EncodedTableName>6BA58806-A01D0880BAE5</osdmAllTables:EncodedTableName>
         <osdmAllTables:FunctionalName>citas</osdmAllTables:FunctionalName>
         <osdmAllTables:Abbreviation/>
         <osdmAllTables:ClassificationTypeName/>
         <osdmAllTables:ObjectTypeName/>
         <osdmAllTables:MVPrebuilt/>
         <osdmAllTables:MVQuery/>
         <osdmAllTables:QuantitativeInfoCollection>
            <osdmAllTables:NumberOfColumns>7</osdmAllTables:NumberOfColumns>
            <osdmAllTables:NumberOfRowsMin>0</osdmAllTables:NumberOfRowsMin>
            <osdmAllTables:NumberOfRowsMax>9999999</osdmAllTables:NumberOfRowsMax>
            <osdmAllTables:ExpectedNumberOfRows>0</osdmAllTables:ExpectedNumberOfRows>
            <osdmAllTables:ExpectedGrowth>0</osdmAllTables:ExpectedGrowth>
            <osdmAllTables:GrowthInterval>Year</osdmAllTables:GrowthInterval>
         </osdmAllTables:QuantitativeInfoCollection>
         <osdmAllTables:ColumnsCollection>
            <osdmAllTables:ColumnDetails>
               <osdmAllTables:Sequence>1</osdmAllTables:Sequence>
               <osdmAllTables:ColumnName>id_cita</osdmAllTables:ColumnName>
               <osdmAllTables:PK>P</osdmAllTables:PK>
               <osdmAllTables:FK/>
               <osdmAllTables:M>Y</osdmAllTables:M>
               <osdmAllTables:DataType>Integer</osdmAllTables:DataType>
               <osdmAllTables:DataTypeKind>DOM</osdmAllTables:DataTypeKind>
               <osdmAllTables:DomainName>Integer_0_0_0</osdmAllTables:DomainName>
               <osdmAllTables:Formula/>
               <osdmAllTables:Security/>
               <osdmAllTables:PreferredAbbreviation/>
            </osdmAllTables:ColumnDetails>
            <osdmAllTables:ColumnDetails>
               <osdmAllTables:Sequence>2</osdmAllTables:Sequence>
               <osdmAllTables:ColumnName>fecha_atencion</osdmAllTables:ColumnName>
               <osdmAllTables:PK/>
               <osdmAllTables:FK/>
               <osdmAllTables:M>Y</osdmAllTables:M>
               <osdmAllTables:DataType>Date</osdmAllTables:DataType>
               <osdmAllTables:DataTypeKind>DOM</osdmAllTables:DataTypeKind>
               <osdmAllTables:DomainName>Date_0_0_0</osdmAllTables:DomainName>
               <osdmAllTables:Formula/>
               <osdmAllTables:Security/>
               <osdmAllTables:PreferredAbbreviation/>
            </osdmAllTables:ColumnDetails>
            <osdmAllTables:ColumnDetails>
               <osdmAllTables:Sequence>3</osdmAllTables:Sequence>
               <osdmAllTables:ColumnName>description</osdmAllTables:ColumnName>
               <osdmAllTables:PK/>
               <osdmAllTables:FK/>
               <osdmAllTables:M/>
               <osdmAllTables:DataType>VARCHAR (255) </osdmAllTables:DataType>
               <osdmAllTables:DataTypeKind>DOM</osdmAllTables:DataTypeKind>
               <osdmAllTables:DomainName>VARCHAR_0_0_255</osdmAllTables:DomainName>
               <osdmAllTables:Formula/>
               <osdmAllTables:Security/>
               <osdmAllTables:PreferredAbbreviation/>
            </osdmAllTables:ColumnDetails>
            <osdmAllTables:ColumnDetails>
               <osdmAllTables:Sequence>4</osdmAllTables:Sequence>
               <osdmAllTables:ColumnName>start_time</osdmAllTables:ColumnName>
               <osdmAllTables:PK/>
               <osdmAllTables:FK/>
               <osdmAllTables:M>Y</osdmAllTables:M>
               <osdmAllTables:DataType>Time</osdmAllTables:DataType>
               <osdmAllTables:DataTypeKind>LT</osdmAllTables:DataTypeKind>
               <osdmAllTables:DomainName/>
               <osdmAllTables:Formula/>
               <osdmAllTables:Security/>
               <osdmAllTables:PreferredAbbreviation/>
            </osdmAllTables:ColumnDetails>
            <osdmAllTables:ColumnDetails>
               <osdmAllTables:Sequence>5</osdmAllTables:Sequence>
               <osdmAllTables:ColumnName>end_time</osdmAllTables:ColumnName>
               <osdmAllTables:PK/>
               <osdmAllTables:FK/>
               <osdmAllTables:M>Y</osdmAllTables:M>
               <osdmAllTables:DataType>Time</osdmAllTables:DataType>
               <osdmAllTables:DataTypeKind>LT</osdmAllTables:DataTypeKind>
               <osdmAllTables:DomainName/>
               <osdmAllTables:Formula/>
               <osdmAllTables:Security/>
               <osdmAllTables:PreferredAbbreviation/>
            </osdmAllTables:ColumnDetails>
            <osdmAllTables:ColumnDetails>
               <osdmAllTables:Sequence>6</osdmAllTables:Sequence>
               <osdmAllTables:ColumnName>created_at</osdmAllTables:ColumnName>
               <osdmAllTables:PK/>
               <osdmAllTables:FK/>
               <osdmAllTables:M>Y</osdmAllTables:M>
               <osdmAllTables:DataType>Date</osdmAllTables:DataType>
               <osdmAllTables:DataTypeKind>LT</osdmAllTables:DataTypeKind>
               <osdmAllTables:DomainName/>
               <osdmAllTables:Formula/>
               <osdmAllTables:Security/>
               <osdmAllTables:PreferredAbbreviation/>
            </osdmAllTables:ColumnDetails>
            <osdmAllTables:ColumnDetails>
               <osdmAllTables:Sequence>7</osdmAllTables:Sequence>
               <osdmAllTables:ColumnName>asistio</osdmAllTables:ColumnName>
               <osdmAllTables:PK/>
               <osdmAllTables:FK/>
               <osdmAllTables:M>Y</osdmAllTables:M>
               <osdmAllTables:DataType>Boolean (10) </osdmAllTables:DataType>
               <osdmAllTables:DataTypeKind>LT</osdmAllTables:DataTypeKind>
               <osdmAllTables:DomainName/>
               <osdmAllTables:Formula/>
               <osdmAllTables:Security/>
               <osdmAllTables:PreferredAbbreviation/>
            </osdmAllTables:ColumnDetails>
         </osdmAllTables:ColumnsCollection>
         <osdmAllTables:IndexesCollection>
            <osdmAllTables:IndexDetails>
               <osdmAllTables:IndexName>citas_PK</osdmAllTables:IndexName>
               <osdmAllTables:IndexState>PK</osdmAllTables:IndexState>
               <osdmAllTables:IndexFunctional/>
               <osdmAllTables:IndexSpatial/>
               <osdmAllTables:IndexExpression/>
               <osdmAllTables:IndexColumnName>id_cita</osdmAllTables:IndexColumnName>
               <osdmAllTables:IndexSortOrder>ASC</osdmAllTables:IndexSortOrder>
            </osdmAllTables:IndexDetails>
         </osdmAllTables:IndexesCollection>
         <osdmAllTables:FKRFCollection>
            <osdmAllTables:FKRFDetails>
               <osdmAllTables:FKName>detalle_venta_citas_FK</osdmAllTables:FKName>
               <osdmAllTables:FKReferredFrom>detalle_venta</osdmAllTables:FKReferredFrom>
               <osdmAllTables:FKMandatory>Y</osdmAllTables:FKMandatory>
               <osdmAllTables:FKTransferable>Y</osdmAllTables:FKTransferable>
               <osdmAllTables:FKInArc/>
               <osdmAllTables:FKReferringColumnName>id_cita</osdmAllTables:FKReferringColumnName>
               <osdmAllTables:FKReferredColumnName>citas_id_cita</osdmAllTables:FKReferredColumnName>
               <osdmAllTables:FKDeleteRule/>
            </osdmAllTables:FKRFDetails>
         </osdmAllTables:FKRFCollection>
      </osdmAllTables:TableDetails>
      <osdmAllTables:TableDetails>
         <osdmAllTables:TableName>cliente</osdmAllTables:TableName>
         <osdmAllTables:EncodedTableName>0327B7CE-49FF00A81C27</osdmAllTables:EncodedTableName>
         <osdmAllTables:FunctionalName>cliente</osdmAllTables:FunctionalName>
         <osdmAllTables:Abbreviation/>
         <osdmAllTables:ClassificationTypeName/>
         <osdmAllTables:ObjectTypeName/>
         <osdmAllTables:MVPrebuilt/>
         <osdmAllTables:MVQuery/>
         <osdmAllTables:QuantitativeInfoCollection>
            <osdmAllTables:NumberOfColumns>4</osdmAllTables:NumberOfColumns>
            <osdmAllTables:NumberOfRowsMin>0</osdmAllTables:NumberOfRowsMin>
            <osdmAllTables:NumberOfRowsMax>9999999</osdmAllTables:NumberOfRowsMax>
            <osdmAllTables:ExpectedNumberOfRows>0</osdmAllTables:ExpectedNumberOfRows>
            <osdmAllTables:ExpectedGrowth>0</osdmAllTables:ExpectedGrowth>
            <osdmAllTables:GrowthInterval>Year</osdmAllTables:GrowthInterval>
         </osdmAllTables:QuantitativeInfoCollection>
         <osdmAllTables:ColumnsCollection>
            <osdmAllTables:ColumnDetails>
               <osdmAllTables:Sequence>1</osdmAllTables:Sequence>
               <osdmAllTables:ColumnName>id_cliente</osdmAllTables:ColumnName>
               <osdmAllTables:PK>P</osdmAllTables:PK>
               <osdmAllTables:FK/>
               <osdmAllTables:M>Y</osdmAllTables:M>
               <osdmAllTables:DataType>Integer</osdmAllTables:DataType>
               <osdmAllTables:DataTypeKind>DOM</osdmAllTables:DataTypeKind>
               <osdmAllTables:DomainName>Integer_0_0_0</osdmAllTables:DomainName>
               <osdmAllTables:Formula/>
               <osdmAllTables:Security/>
               <osdmAllTables:PreferredAbbreviation/>
            </osdmAllTables:ColumnDetails>
            <osdmAllTables:ColumnDetails>
               <osdmAllTables:Sequence>2</osdmAllTables:Sequence>
               <osdmAllTables:ColumnName>rut</osdmAllTables:ColumnName>
               <osdmAllTables:PK/>
               <osdmAllTables:FK/>
               <osdmAllTables:M>Y</osdmAllTables:M>
               <osdmAllTables:DataType>VARCHAR (20) </osdmAllTables:DataType>
               <osdmAllTables:DataTypeKind>DOM</osdmAllTables:DataTypeKind>
               <osdmAllTables:DomainName>VARCHAR_0_0_20</osdmAllTables:DomainName>
               <osdmAllTables:Formula/>
               <osdmAllTables:Security/>
               <osdmAllTables:PreferredAbbreviation/>
            </osdmAllTables:ColumnDetails>
            <osdmAllTables:ColumnDetails>
               <osdmAllTables:Sequence>3</osdmAllTables:Sequence>
               <osdmAllTables:ColumnName>nombre_cliente</osdmAllTables:ColumnName>
               <osdmAllTables:PK/>
               <osdmAllTables:FK/>
               <osdmAllTables:M>Y</osdmAllTables:M>
               <osdmAllTables:DataType>VARCHAR (100) </osdmAllTables:DataType>
               <osdmAllTables:DataTypeKind>DOM</osdmAllTables:DataTypeKind>
               <osdmAllTables:DomainName>VARCHAR_0_0_100</osdmAllTables:DomainName>
               <osdmAllTables:Formula/>
               <osdmAllTables:Security/>
               <osdmAllTables:PreferredAbbreviation/>
            </osdmAllTables:ColumnDetails>
            <osdmAllTables:ColumnDetails>
               <osdmAllTables:Sequence>4</osdmAllTables:Sequence>
               <osdmAllTables:ColumnName>phone</osdmAllTables:ColumnName>
               <osdmAllTables:PK/>
               <osdmAllTables:FK/>
               <osdmAllTables:M>Y</osdmAllTables:M>
               <osdmAllTables:DataType>VARCHAR (20) </osdmAllTables:DataType>
               <osdmAllTables:DataTypeKind>DOM</osdmAllTables:DataTypeKind>
               <osdmAllTables:DomainName>VARCHAR_0_0_20</osdmAllTables:DomainName>
               <osdmAllTables:Formula/>
               <osdmAllTables:Security/>
               <osdmAllTables:PreferredAbbreviation/>
            </osdmAllTables:ColumnDetails>
         </osdmAllTables:ColumnsCollection>
         <osdmAllTables:IndexesCollection>
            <osdmAllTables:IndexDetails>
               <osdmAllTables:IndexName>cliente_PK</osdmAllTables:IndexName>
               <osdmAllTables:IndexState>PK</osdmAllTables:IndexState>
               <osdmAllTables:IndexFunctional/>
               <osdmAllTables:IndexSpatial/>
               <osdmAllTables:IndexExpression/>
               <osdmAllTables:IndexColumnName>id_cliente</osdmAllTables:IndexColumnName>
               <osdmAllTables:IndexSortOrder>ASC</osdmAllTables:IndexSortOrder>
            </osdmAllTables:IndexDetails>
            <osdmAllTables:IndexDetails>
               <osdmAllTables:IndexName>cliente_rut_UN</osdmAllTables:IndexName>
               <osdmAllTables:IndexState>UK</osdmAllTables:IndexState>
               <osdmAllTables:IndexFunctional/>
               <osdmAllTables:IndexSpatial/>
               <osdmAllTables:IndexExpression/>
               <osdmAllTables:IndexColumnName>rut</osdmAllTables:IndexColumnName>
               <osdmAllTables:IndexSortOrder>ASC</osdmAllTables:IndexSortOrder>
            </osdmAllTables:IndexDetails>
         </osdmAllTables:IndexesCollection>
         <osdmAllTables:FKRFCollection>
            <osdmAllTables:FKRFDetails>
               <osdmAllTables:FKName>ventas_cliente_FK</osdmAllTables:FKName>
               <osdmAllTables:FKReferredFrom>ventas</osdmAllTables:FKReferredFrom>
               <osdmAllTables:FKMandatory>Y</osdmAllTables:FKMandatory>
               <osdmAllTables:FKTransferable>Y</osdmAllTables:FKTransferable>
               <osdmAllTables:FKInArc/>
               <osdmAllTables:FKReferringColumnName>rut</osdmAllTables:FKReferringColumnName>
               <osdmAllTables:FKReferredColumnName>cliente_rut</osdmAllTables:FKReferredColumnName>
               <osdmAllTables:FKDeleteRule/>
            </osdmAllTables:FKRFDetails>
         </osdmAllTables:FKRFCollection>
      </osdmAllTables:TableDetails>
      <osdmAllTables:TableDetails>
         <osdmAllTables:TableName>comision</osdmAllTables:TableName>
         <osdmAllTables:EncodedTableName>3835FF12-05AB53221A71</osdmAllTables:EncodedTableName>
         <osdmAllTables:FunctionalName>comision</osdmAllTables:FunctionalName>
         <osdmAllTables:Abbreviation/>
         <osdmAllTables:ClassificationTypeName/>
         <osdmAllTables:ObjectTypeName/>
         <osdmAllTables:MVPrebuilt/>
         <osdmAllTables:MVQuery/>
         <osdmAllTables:QuantitativeInfoCollection>
            <osdmAllTables:NumberOfColumns>4</osdmAllTables:NumberOfColumns>
            <osdmAllTables:NumberOfRowsMin>0</osdmAllTables:NumberOfRowsMin>
            <osdmAllTables:NumberOfRowsMax>9999999</osdmAllTables:NumberOfRowsMax>
            <osdmAllTables:ExpectedNumberOfRows>0</osdmAllTables:ExpectedNumberOfRows>
            <osdmAllTables:ExpectedGrowth>0</osdmAllTables:ExpectedGrowth>
            <osdmAllTables:GrowthInterval>Year</osdmAllTables:GrowthInterval>
         </osdmAllTables:QuantitativeInfoCollection>
         <osdmAllTables:ColumnsCollection>
            <osdmAllTables:ColumnDetails>
               <osdmAllTables:Sequence>1</osdmAllTables:Sequence>
               <osdmAllTables:ColumnName>id_comision</osdmAllTables:ColumnName>
               <osdmAllTables:PK>P</osdmAllTables:PK>
               <osdmAllTables:FK/>
               <osdmAllTables:M>Y</osdmAllTables:M>
               <osdmAllTables:DataType>Integer</osdmAllTables:DataType>
               <osdmAllTables:DataTypeKind>DOM</osdmAllTables:DataTypeKind>
               <osdmAllTables:DomainName>Integer_0_0_0</osdmAllTables:DomainName>
               <osdmAllTables:Formula/>
               <osdmAllTables:Security/>
               <osdmAllTables:PreferredAbbreviation/>
            </osdmAllTables:ColumnDetails>
            <osdmAllTables:ColumnDetails>
               <osdmAllTables:Sequence>2</osdmAllTables:Sequence>
               <osdmAllTables:ColumnName>empleado_id_empleado</osdmAllTables:ColumnName>
               <osdmAllTables:PK/>
               <osdmAllTables:FK>F</osdmAllTables:FK>
               <osdmAllTables:M>Y</osdmAllTables:M>
               <osdmAllTables:DataType>Integer</osdmAllTables:DataType>
               <osdmAllTables:DataTypeKind>DOM</osdmAllTables:DataTypeKind>
               <osdmAllTables:DomainName>Integer_0_0_0</osdmAllTables:DomainName>
               <osdmAllTables:Formula/>
               <osdmAllTables:Security/>
               <osdmAllTables:PreferredAbbreviation/>
            </osdmAllTables:ColumnDetails>
            <osdmAllTables:ColumnDetails>
               <osdmAllTables:Sequence>3</osdmAllTables:Sequence>
               <osdmAllTables:ColumnName>fecha</osdmAllTables:ColumnName>
               <osdmAllTables:PK/>
               <osdmAllTables:FK/>
               <osdmAllTables:M>Y</osdmAllTables:M>
               <osdmAllTables:DataType>Date</osdmAllTables:DataType>
               <osdmAllTables:DataTypeKind>DOM</osdmAllTables:DataTypeKind>
               <osdmAllTables:DomainName>Date_0_0_0</osdmAllTables:DomainName>
               <osdmAllTables:Formula/>
               <osdmAllTables:Security/>
               <osdmAllTables:PreferredAbbreviation/>
            </osdmAllTables:ColumnDetails>
            <osdmAllTables:ColumnDetails>
               <osdmAllTables:Sequence>4</osdmAllTables:Sequence>
               <osdmAllTables:ColumnName>valor</osdmAllTables:ColumnName>
               <osdmAllTables:PK/>
               <osdmAllTables:FK/>
               <osdmAllTables:M>Y</osdmAllTables:M>
               <osdmAllTables:DataType>Integer</osdmAllTables:DataType>
               <osdmAllTables:DataTypeKind>DOM</osdmAllTables:DataTypeKind>
               <osdmAllTables:DomainName>Integer_0_0_0</osdmAllTables:DomainName>
               <osdmAllTables:Formula/>
               <osdmAllTables:Security/>
               <osdmAllTables:PreferredAbbreviation/>
            </osdmAllTables:ColumnDetails>
         </osdmAllTables:ColumnsCollection>
         <osdmAllTables:IndexesCollection>
            <osdmAllTables:IndexDetails>
               <osdmAllTables:IndexName>comision_PK</osdmAllTables:IndexName>
               <osdmAllTables:IndexState>PK</osdmAllTables:IndexState>
               <osdmAllTables:IndexFunctional/>
               <osdmAllTables:IndexSpatial/>
               <osdmAllTables:IndexExpression/>
               <osdmAllTables:IndexColumnName>id_comision</osdmAllTables:IndexColumnName>
               <osdmAllTables:IndexSortOrder>ASC</osdmAllTables:IndexSortOrder>
            </osdmAllTables:IndexDetails>
         </osdmAllTables:IndexesCollection>
         <osdmAllTables:FKRTCollection>
            <osdmAllTables:FKRTDetails>
               <osdmAllTables:FKName>comision_empleado_FK</osdmAllTables:FKName>
               <osdmAllTables:FKReferringTo>empleado</osdmAllTables:FKReferringTo>
               <osdmAllTables:FKMandatory>Y</osdmAllTables:FKMandatory>
               <osdmAllTables:FKTransferable>Y</osdmAllTables:FKTransferable>
               <osdmAllTables:FKInArc/>
               <osdmAllTables:FKReferringColumnName>empleado_id_empleado</osdmAllTables:FKReferringColumnName>
               <osdmAllTables:FKReferredColumnName>id_empleado</osdmAllTables:FKReferredColumnName>
               <osdmAllTables:FKDeleteRule/>
            </osdmAllTables:FKRTDetails>
         </osdmAllTables:FKRTCollection>
         <osdmAllTables:FKRFCollection>
            <osdmAllTables:FKRFDetails>
               <osdmAllTables:FKName>abono_comision_FK</osdmAllTables:FKName>
               <osdmAllTables:FKReferredFrom>abono</osdmAllTables:FKReferredFrom>
               <osdmAllTables:FKMandatory>Y</osdmAllTables:FKMandatory>
               <osdmAllTables:FKTransferable>Y</osdmAllTables:FKTransferable>
               <osdmAllTables:FKInArc/>
               <osdmAllTables:FKReferringColumnName>id_comision</osdmAllTables:FKReferringColumnName>
               <osdmAllTables:FKReferredColumnName>comision_id_comision</osdmAllTables:FKReferredColumnName>
               <osdmAllTables:FKDeleteRule/>
            </osdmAllTables:FKRFDetails>
         </osdmAllTables:FKRFCollection>
      </osdmAllTables:TableDetails>
      <osdmAllTables:TableDetails>
         <osdmAllTables:TableName>detalle_venta</osdmAllTables:TableName>
         <osdmAllTables:EncodedTableName>9E4258DE-A56338AAD159</osdmAllTables:EncodedTableName>
         <osdmAllTables:FunctionalName>detalle venta</osdmAllTables:FunctionalName>
         <osdmAllTables:Abbreviation/>
         <osdmAllTables:ClassificationTypeName/>
         <osdmAllTables:ObjectTypeName/>
         <osdmAllTables:MVPrebuilt/>
         <osdmAllTables:MVQuery/>
         <osdmAllTables:QuantitativeInfoCollection>
            <osdmAllTables:NumberOfColumns>6</osdmAllTables:NumberOfColumns>
            <osdmAllTables:NumberOfRowsMin>0</osdmAllTables:NumberOfRowsMin>
            <osdmAllTables:NumberOfRowsMax>9999999</osdmAllTables:NumberOfRowsMax>
            <osdmAllTables:ExpectedNumberOfRows>0</osdmAllTables:ExpectedNumberOfRows>
            <osdmAllTables:ExpectedGrowth>0</osdmAllTables:ExpectedGrowth>
            <osdmAllTables:GrowthInterval>Year</osdmAllTables:GrowthInterval>
         </osdmAllTables:QuantitativeInfoCollection>
         <osdmAllTables:ColumnsCollection>
            <osdmAllTables:ColumnDetails>
               <osdmAllTables:Sequence>1</osdmAllTables:Sequence>
               <osdmAllTables:ColumnName>id_detalle_venta</osdmAllTables:ColumnName>
               <osdmAllTables:PK>P</osdmAllTables:PK>
               <osdmAllTables:FK/>
               <osdmAllTables:M>Y</osdmAllTables:M>
               <osdmAllTables:DataType>Integer</osdmAllTables:DataType>
               <osdmAllTables:DataTypeKind>DOM</osdmAllTables:DataTypeKind>
               <osdmAllTables:DomainName>Integer_0_0_0</osdmAllTables:DomainName>
               <osdmAllTables:Formula/>
               <osdmAllTables:Security/>
               <osdmAllTables:PreferredAbbreviation/>
            </osdmAllTables:ColumnDetails>
            <osdmAllTables:ColumnDetails>
               <osdmAllTables:Sequence>2</osdmAllTables:Sequence>
               <osdmAllTables:ColumnName>ventas_id_venta</osdmAllTables:ColumnName>
               <osdmAllTables:PK/>
               <osdmAllTables:FK>F</osdmAllTables:FK>
               <osdmAllTables:M>Y</osdmAllTables:M>
               <osdmAllTables:DataType>Integer</osdmAllTables:DataType>
               <osdmAllTables:DataTypeKind>DOM</osdmAllTables:DataTypeKind>
               <osdmAllTables:DomainName>Integer_0_0_0</osdmAllTables:DomainName>
               <osdmAllTables:Formula/>
               <osdmAllTables:Security/>
               <osdmAllTables:PreferredAbbreviation/>
            </osdmAllTables:ColumnDetails>
            <osdmAllTables:ColumnDetails>
               <osdmAllTables:Sequence>3</osdmAllTables:Sequence>
               <osdmAllTables:ColumnName>cant_sesiones</osdmAllTables:ColumnName>
               <osdmAllTables:PK/>
               <osdmAllTables:FK/>
               <osdmAllTables:M>Y</osdmAllTables:M>
               <osdmAllTables:DataType>Integer</osdmAllTables:DataType>
               <osdmAllTables:DataTypeKind>DOM</osdmAllTables:DataTypeKind>
               <osdmAllTables:DomainName>Integer_0_0_0</osdmAllTables:DomainName>
               <osdmAllTables:Formula/>
               <osdmAllTables:Security/>
               <osdmAllTables:PreferredAbbreviation/>
            </osdmAllTables:ColumnDetails>
            <osdmAllTables:ColumnDetails>
               <osdmAllTables:Sequence>4</osdmAllTables:Sequence>
               <osdmAllTables:ColumnName>precio_d_v</osdmAllTables:ColumnName>
               <osdmAllTables:PK/>
               <osdmAllTables:FK/>
               <osdmAllTables:M>Y</osdmAllTables:M>
               <osdmAllTables:DataType>NUMERIC</osdmAllTables:DataType>
               <osdmAllTables:DataTypeKind>LT</osdmAllTables:DataTypeKind>
               <osdmAllTables:DomainName/>
               <osdmAllTables:Formula/>
               <osdmAllTables:Security/>
               <osdmAllTables:PreferredAbbreviation/>
            </osdmAllTables:ColumnDetails>
            <osdmAllTables:ColumnDetails>
               <osdmAllTables:Sequence>5</osdmAllTables:Sequence>
               <osdmAllTables:ColumnName>servicio_id_servicio</osdmAllTables:ColumnName>
               <osdmAllTables:PK/>
               <osdmAllTables:FK>F</osdmAllTables:FK>
               <osdmAllTables:M>Y</osdmAllTables:M>
               <osdmAllTables:DataType>Integer</osdmAllTables:DataType>
               <osdmAllTables:DataTypeKind>DOM</osdmAllTables:DataTypeKind>
               <osdmAllTables:DomainName>Integer_0_0_0</osdmAllTables:DomainName>
               <osdmAllTables:Formula/>
               <osdmAllTables:Security/>
               <osdmAllTables:PreferredAbbreviation/>
            </osdmAllTables:ColumnDetails>
            <osdmAllTables:ColumnDetails>
               <osdmAllTables:Sequence>6</osdmAllTables:Sequence>
               <osdmAllTables:ColumnName>citas_id_cita</osdmAllTables:ColumnName>
               <osdmAllTables:PK/>
               <osdmAllTables:FK>F</osdmAllTables:FK>
               <osdmAllTables:M>Y</osdmAllTables:M>
               <osdmAllTables:DataType>Integer</osdmAllTables:DataType>
               <osdmAllTables:DataTypeKind>DOM</osdmAllTables:DataTypeKind>
               <osdmAllTables:DomainName>Integer_0_0_0</osdmAllTables:DomainName>
               <osdmAllTables:Formula/>
               <osdmAllTables:Security/>
               <osdmAllTables:PreferredAbbreviation/>
            </osdmAllTables:ColumnDetails>
         </osdmAllTables:ColumnsCollection>
         <osdmAllTables:IndexesCollection>
            <osdmAllTables:IndexDetails>
               <osdmAllTables:IndexName>detalle_venta_PK</osdmAllTables:IndexName>
               <osdmAllTables:IndexState>PK</osdmAllTables:IndexState>
               <osdmAllTables:IndexFunctional/>
               <osdmAllTables:IndexSpatial/>
               <osdmAllTables:IndexExpression/>
               <osdmAllTables:IndexColumnName>id_detalle_venta</osdmAllTables:IndexColumnName>
               <osdmAllTables:IndexSortOrder>ASC</osdmAllTables:IndexSortOrder>
            </osdmAllTables:IndexDetails>
         </osdmAllTables:IndexesCollection>
         <osdmAllTables:FKRTCollection>
            <osdmAllTables:FKRTDetails>
               <osdmAllTables:FKName>detalle_venta_ventas_FK</osdmAllTables:FKName>
               <osdmAllTables:FKReferringTo>ventas</osdmAllTables:FKReferringTo>
               <osdmAllTables:FKMandatory>Y</osdmAllTables:FKMandatory>
               <osdmAllTables:FKTransferable>Y</osdmAllTables:FKTransferable>
               <osdmAllTables:FKInArc/>
               <osdmAllTables:FKReferringColumnName>ventas_id_venta</osdmAllTables:FKReferringColumnName>
               <osdmAllTables:FKReferredColumnName>id_venta</osdmAllTables:FKReferredColumnName>
               <osdmAllTables:FKDeleteRule/>
            </osdmAllTables:FKRTDetails>
            <osdmAllTables:FKRTDetails>
               <osdmAllTables:FKName>detalle_venta_citas_FK</osdmAllTables:FKName>
               <osdmAllTables:FKReferringTo>citas</osdmAllTables:FKReferringTo>
               <osdmAllTables:FKMandatory>Y</osdmAllTables:FKMandatory>
               <osdmAllTables:FKTransferable>Y</osdmAllTables:FKTransferable>
               <osdmAllTables:FKInArc/>
               <osdmAllTables:FKReferringColumnName>citas_id_cita</osdmAllTables:FKReferringColumnName>
               <osdmAllTables:FKReferredColumnName>id_cita</osdmAllTables:FKReferredColumnName>
               <osdmAllTables:FKDeleteRule/>
            </osdmAllTables:FKRTDetails>
            <osdmAllTables:FKRTDetails>
               <osdmAllTables:FKName>detalle_venta_servicio_FK</osdmAllTables:FKName>
               <osdmAllTables:FKReferringTo>servicio</osdmAllTables:FKReferringTo>
               <osdmAllTables:FKMandatory>Y</osdmAllTables:FKMandatory>
               <osdmAllTables:FKTransferable>Y</osdmAllTables:FKTransferable>
               <osdmAllTables:FKInArc/>
               <osdmAllTables:FKReferringColumnName>servicio_id_servicio</osdmAllTables:FKReferringColumnName>
               <osdmAllTables:FKReferredColumnName>id_servicio</osdmAllTables:FKReferredColumnName>
               <osdmAllTables:FKDeleteRule/>
            </osdmAllTables:FKRTDetails>
         </osdmAllTables:FKRTCollection>
      </osdmAllTables:TableDetails>
      <osdmAllTables:TableDetails>
         <osdmAllTables:TableName>empleado</osdmAllTables:TableName>
         <osdmAllTables:EncodedTableName>C067AB49-215F51920880</osdmAllTables:EncodedTableName>
         <osdmAllTables:FunctionalName>empleado</osdmAllTables:FunctionalName>
         <osdmAllTables:Abbreviation/>
         <osdmAllTables:ClassificationTypeName/>
         <osdmAllTables:ObjectTypeName/>
         <osdmAllTables:MVPrebuilt/>
         <osdmAllTables:MVQuery/>
         <osdmAllTables:QuantitativeInfoCollection>
            <osdmAllTables:NumberOfColumns>6</osdmAllTables:NumberOfColumns>
            <osdmAllTables:NumberOfRowsMin>0</osdmAllTables:NumberOfRowsMin>
            <osdmAllTables:NumberOfRowsMax>9999999</osdmAllTables:NumberOfRowsMax>
            <osdmAllTables:ExpectedNumberOfRows>0</osdmAllTables:ExpectedNumberOfRows>
            <osdmAllTables:ExpectedGrowth>0</osdmAllTables:ExpectedGrowth>
            <osdmAllTables:GrowthInterval>Year</osdmAllTables:GrowthInterval>
         </osdmAllTables:QuantitativeInfoCollection>
         <osdmAllTables:ColumnsCollection>
            <osdmAllTables:ColumnDetails>
               <osdmAllTables:Sequence>1</osdmAllTables:Sequence>
               <osdmAllTables:ColumnName>id_empleado</osdmAllTables:ColumnName>
               <osdmAllTables:PK>P</osdmAllTables:PK>
               <osdmAllTables:FK/>
               <osdmAllTables:M>Y</osdmAllTables:M>
               <osdmAllTables:DataType>Integer</osdmAllTables:DataType>
               <osdmAllTables:DataTypeKind>DOM</osdmAllTables:DataTypeKind>
               <osdmAllTables:DomainName>Integer_0_0_0</osdmAllTables:DomainName>
               <osdmAllTables:Formula/>
               <osdmAllTables:Security/>
               <osdmAllTables:PreferredAbbreviation/>
            </osdmAllTables:ColumnDetails>
            <osdmAllTables:ColumnDetails>
               <osdmAllTables:Sequence>2</osdmAllTables:Sequence>
               <osdmAllTables:ColumnName>name</osdmAllTables:ColumnName>
               <osdmAllTables:PK/>
               <osdmAllTables:FK/>
               <osdmAllTables:M>Y</osdmAllTables:M>
               <osdmAllTables:DataType>VARCHAR (100) </osdmAllTables:DataType>
               <osdmAllTables:DataTypeKind>DOM</osdmAllTables:DataTypeKind>
               <osdmAllTables:DomainName>VARCHAR_0_0_100</osdmAllTables:DomainName>
               <osdmAllTables:Formula/>
               <osdmAllTables:Security/>
               <osdmAllTables:PreferredAbbreviation/>
            </osdmAllTables:ColumnDetails>
            <osdmAllTables:ColumnDetails>
               <osdmAllTables:Sequence>3</osdmAllTables:Sequence>
               <osdmAllTables:ColumnName>email</osdmAllTables:ColumnName>
               <osdmAllTables:PK/>
               <osdmAllTables:FK/>
               <osdmAllTables:M>Y</osdmAllTables:M>
               <osdmAllTables:DataType>VARCHAR (100) </osdmAllTables:DataType>
               <osdmAllTables:DataTypeKind>DOM</osdmAllTables:DataTypeKind>
               <osdmAllTables:DomainName>VARCHAR_0_0_100</osdmAllTables:DomainName>
               <osdmAllTables:Formula/>
               <osdmAllTables:Security/>
               <osdmAllTables:PreferredAbbreviation/>
            </osdmAllTables:ColumnDetails>
            <osdmAllTables:ColumnDetails>
               <osdmAllTables:Sequence>4</osdmAllTables:Sequence>
               <osdmAllTables:ColumnName>role</osdmAllTables:ColumnName>
               <osdmAllTables:PK/>
               <osdmAllTables:FK/>
               <osdmAllTables:M>Y</osdmAllTables:M>
               <osdmAllTables:DataType>VARCHAR (20) </osdmAllTables:DataType>
               <osdmAllTables:DataTypeKind>DOM</osdmAllTables:DataTypeKind>
               <osdmAllTables:DomainName>VARCHAR_0_0_20</osdmAllTables:DomainName>
               <osdmAllTables:Formula/>
               <osdmAllTables:Security/>
               <osdmAllTables:PreferredAbbreviation/>
            </osdmAllTables:ColumnDetails>
            <osdmAllTables:ColumnDetails>
               <osdmAllTables:Sequence>5</osdmAllTables:Sequence>
               <osdmAllTables:ColumnName>porcent_comision</osdmAllTables:ColumnName>
               <osdmAllTables:PK/>
               <osdmAllTables:FK/>
               <osdmAllTables:M>Y</osdmAllTables:M>
               <osdmAllTables:DataType>FLOAT</osdmAllTables:DataType>
               <osdmAllTables:DataTypeKind>LT</osdmAllTables:DataTypeKind>
               <osdmAllTables:DomainName/>
               <osdmAllTables:Formula/>
               <osdmAllTables:Security/>
               <osdmAllTables:PreferredAbbreviation/>
            </osdmAllTables:ColumnDetails>
            <osdmAllTables:ColumnDetails>
               <osdmAllTables:Sequence>6</osdmAllTables:Sequence>
               <osdmAllTables:ColumnName>created_at</osdmAllTables:ColumnName>
               <osdmAllTables:PK/>
               <osdmAllTables:FK/>
               <osdmAllTables:M>Y</osdmAllTables:M>
               <osdmAllTables:DataType>TIMESTAMP WITH TIME ZONE</osdmAllTables:DataType>
               <osdmAllTables:DataTypeKind>LT</osdmAllTables:DataTypeKind>
               <osdmAllTables:DomainName/>
               <osdmAllTables:Formula/>
               <osdmAllTables:Security/>
               <osdmAllTables:PreferredAbbreviation/>
            </osdmAllTables:ColumnDetails>
         </osdmAllTables:ColumnsCollection>
         <osdmAllTables:IndexesCollection>
            <osdmAllTables:IndexDetails>
               <osdmAllTables:IndexName>empleado_PK</osdmAllTables:IndexName>
               <osdmAllTables:IndexState>PK</osdmAllTables:IndexState>
               <osdmAllTables:IndexFunctional/>
               <osdmAllTables:IndexSpatial/>
               <osdmAllTables:IndexExpression/>
               <osdmAllTables:IndexColumnName>id_empleado</osdmAllTables:IndexColumnName>
               <osdmAllTables:IndexSortOrder>ASC</osdmAllTables:IndexSortOrder>
            </osdmAllTables:IndexDetails>
            <osdmAllTables:IndexDetails>
               <osdmAllTables:IndexName>empleado_email_UN</osdmAllTables:IndexName>
               <osdmAllTables:IndexState>UK</osdmAllTables:IndexState>
               <osdmAllTables:IndexFunctional/>
               <osdmAllTables:IndexSpatial/>
               <osdmAllTables:IndexExpression/>
               <osdmAllTables:IndexColumnName>email</osdmAllTables:IndexColumnName>
               <osdmAllTables:IndexSortOrder>ASC</osdmAllTables:IndexSortOrder>
            </osdmAllTables:IndexDetails>
         </osdmAllTables:IndexesCollection>
         <osdmAllTables:FKRFCollection>
            <osdmAllTables:FKRFDetails>
               <osdmAllTables:FKName>comision_empleado_FK</osdmAllTables:FKName>
               <osdmAllTables:FKReferredFrom>comision</osdmAllTables:FKReferredFrom>
               <osdmAllTables:FKMandatory>Y</osdmAllTables:FKMandatory>
               <osdmAllTables:FKTransferable>Y</osdmAllTables:FKTransferable>
               <osdmAllTables:FKInArc/>
               <osdmAllTables:FKReferringColumnName>id_empleado</osdmAllTables:FKReferringColumnName>
               <osdmAllTables:FKReferredColumnName>empleado_id_empleado</osdmAllTables:FKReferredColumnName>
               <osdmAllTables:FKDeleteRule/>
            </osdmAllTables:FKRFDetails>
            <osdmAllTables:FKRFDetails>
               <osdmAllTables:FKName>ventas_empleado_FK</osdmAllTables:FKName>
               <osdmAllTables:FKReferredFrom>ventas</osdmAllTables:FKReferredFrom>
               <osdmAllTables:FKMandatory>Y</osdmAllTables:FKMandatory>
               <osdmAllTables:FKTransferable>Y</osdmAllTables:FKTransferable>
               <osdmAllTables:FKInArc/>
               <osdmAllTables:FKReferringColumnName>id_empleado</osdmAllTables:FKReferringColumnName>
               <osdmAllTables:FKReferredColumnName>empleado_id_empleado</osdmAllTables:FKReferredColumnName>
               <osdmAllTables:FKDeleteRule/>
            </osdmAllTables:FKRFDetails>
         </osdmAllTables:FKRFCollection>
      </osdmAllTables:TableDetails>
      <osdmAllTables:TableDetails>
         <osdmAllTables:TableName>estado_servicio</osdmAllTables:TableName>
         <osdmAllTables:EncodedTableName>5C197CFA-BF0986F9BC1E</osdmAllTables:EncodedTableName>
         <osdmAllTables:FunctionalName>estado servicio</osdmAllTables:FunctionalName>
         <osdmAllTables:Abbreviation/>
         <osdmAllTables:ClassificationTypeName/>
         <osdmAllTables:ObjectTypeName/>
         <osdmAllTables:MVPrebuilt/>
         <osdmAllTables:MVQuery/>
         <osdmAllTables:QuantitativeInfoCollection>
            <osdmAllTables:NumberOfColumns>2</osdmAllTables:NumberOfColumns>
            <osdmAllTables:NumberOfRowsMin>0</osdmAllTables:NumberOfRowsMin>
            <osdmAllTables:NumberOfRowsMax>9999999</osdmAllTables:NumberOfRowsMax>
            <osdmAllTables:ExpectedNumberOfRows>0</osdmAllTables:ExpectedNumberOfRows>
            <osdmAllTables:ExpectedGrowth>0</osdmAllTables:ExpectedGrowth>
            <osdmAllTables:GrowthInterval>Year</osdmAllTables:GrowthInterval>
         </osdmAllTables:QuantitativeInfoCollection>
         <osdmAllTables:ColumnsCollection>
            <osdmAllTables:ColumnDetails>
               <osdmAllTables:Sequence>1</osdmAllTables:Sequence>
               <osdmAllTables:ColumnName>id_e_s</osdmAllTables:ColumnName>
               <osdmAllTables:PK>P</osdmAllTables:PK>
               <osdmAllTables:FK/>
               <osdmAllTables:M>Y</osdmAllTables:M>
               <osdmAllTables:DataType>Integer</osdmAllTables:DataType>
               <osdmAllTables:DataTypeKind>DOM</osdmAllTables:DataTypeKind>
               <osdmAllTables:DomainName>Integer_0_0_0</osdmAllTables:DomainName>
               <osdmAllTables:Formula/>
               <osdmAllTables:Security/>
               <osdmAllTables:PreferredAbbreviation/>
            </osdmAllTables:ColumnDetails>
            <osdmAllTables:ColumnDetails>
               <osdmAllTables:Sequence>2</osdmAllTables:Sequence>
               <osdmAllTables:ColumnName>estado</osdmAllTables:ColumnName>
               <osdmAllTables:PK/>
               <osdmAllTables:FK/>
               <osdmAllTables:M>Y</osdmAllTables:M>
               <osdmAllTables:DataType>VARCHAR (30) </osdmAllTables:DataType>
               <osdmAllTables:DataTypeKind>LT</osdmAllTables:DataTypeKind>
               <osdmAllTables:DomainName/>
               <osdmAllTables:Formula/>
               <osdmAllTables:Security/>
               <osdmAllTables:PreferredAbbreviation/>
            </osdmAllTables:ColumnDetails>
         </osdmAllTables:ColumnsCollection>
         <osdmAllTables:IndexesCollection>
            <osdmAllTables:IndexDetails>
               <osdmAllTables:IndexName>estado_servicio_PK</osdmAllTables:IndexName>
               <osdmAllTables:IndexState>PK</osdmAllTables:IndexState>
               <osdmAllTables:IndexFunctional/>
               <osdmAllTables:IndexSpatial/>
               <osdmAllTables:IndexExpression/>
               <osdmAllTables:IndexColumnName>id_e_s</osdmAllTables:IndexColumnName>
               <osdmAllTables:IndexSortOrder>ASC</osdmAllTables:IndexSortOrder>
            </osdmAllTables:IndexDetails>
         </osdmAllTables:IndexesCollection>
         <osdmAllTables:FKRFCollection>
            <osdmAllTables:FKRFDetails>
               <osdmAllTables:FKName>servicio_estado_servicio_FK</osdmAllTables:FKName>
               <osdmAllTables:FKReferredFrom>servicio</osdmAllTables:FKReferredFrom>
               <osdmAllTables:FKMandatory>Y</osdmAllTables:FKMandatory>
               <osdmAllTables:FKTransferable>Y</osdmAllTables:FKTransferable>
               <osdmAllTables:FKInArc/>
               <osdmAllTables:FKReferringColumnName>id_e_s</osdmAllTables:FKReferringColumnName>
               <osdmAllTables:FKReferredColumnName>estado_servicio_id_e_s</osdmAllTables:FKReferredColumnName>
               <osdmAllTables:FKDeleteRule/>
            </osdmAllTables:FKRFDetails>
         </osdmAllTables:FKRFCollection>
      </osdmAllTables:TableDetails>
      <osdmAllTables:TableDetails>
         <osdmAllTables:TableName>servicio</osdmAllTables:TableName>
         <osdmAllTables:EncodedTableName>923E18A8-4BAEA2887EA5</osdmAllTables:EncodedTableName>
         <osdmAllTables:FunctionalName>servicio</osdmAllTables:FunctionalName>
         <osdmAllTables:Abbreviation/>
         <osdmAllTables:ClassificationTypeName/>
         <osdmAllTables:ObjectTypeName/>
         <osdmAllTables:MVPrebuilt/>
         <osdmAllTables:MVQuery/>
         <osdmAllTables:QuantitativeInfoCollection>
            <osdmAllTables:NumberOfColumns>5</osdmAllTables:NumberOfColumns>
            <osdmAllTables:NumberOfRowsMin>0</osdmAllTables:NumberOfRowsMin>
            <osdmAllTables:NumberOfRowsMax>9999999</osdmAllTables:NumberOfRowsMax>
            <osdmAllTables:ExpectedNumberOfRows>0</osdmAllTables:ExpectedNumberOfRows>
            <osdmAllTables:ExpectedGrowth>0</osdmAllTables:ExpectedGrowth>
            <osdmAllTables:GrowthInterval>Year</osdmAllTables:GrowthInterval>
         </osdmAllTables:QuantitativeInfoCollection>
         <osdmAllTables:ColumnsCollection>
            <osdmAllTables:ColumnDetails>
               <osdmAllTables:Sequence>1</osdmAllTables:Sequence>
               <osdmAllTables:ColumnName>id_servicio</osdmAllTables:ColumnName>
               <osdmAllTables:PK>P</osdmAllTables:PK>
               <osdmAllTables:FK/>
               <osdmAllTables:M>Y</osdmAllTables:M>
               <osdmAllTables:DataType>Integer</osdmAllTables:DataType>
               <osdmAllTables:DataTypeKind>DOM</osdmAllTables:DataTypeKind>
               <osdmAllTables:DomainName>Integer_0_0_0</osdmAllTables:DomainName>
               <osdmAllTables:Formula/>
               <osdmAllTables:Security/>
               <osdmAllTables:PreferredAbbreviation/>
            </osdmAllTables:ColumnDetails>
            <osdmAllTables:ColumnDetails>
               <osdmAllTables:Sequence>2</osdmAllTables:Sequence>
               <osdmAllTables:ColumnName>cant_sesiones</osdmAllTables:ColumnName>
               <osdmAllTables:PK/>
               <osdmAllTables:FK/>
               <osdmAllTables:M>Y</osdmAllTables:M>
               <osdmAllTables:DataType>Integer</osdmAllTables:DataType>
               <osdmAllTables:DataTypeKind>DOM</osdmAllTables:DataTypeKind>
               <osdmAllTables:DomainName>Integer_0_0_0</osdmAllTables:DomainName>
               <osdmAllTables:Formula/>
               <osdmAllTables:Security/>
               <osdmAllTables:PreferredAbbreviation/>
            </osdmAllTables:ColumnDetails>
            <osdmAllTables:ColumnDetails>
               <osdmAllTables:Sequence>3</osdmAllTables:Sequence>
               <osdmAllTables:ColumnName>nom_serv</osdmAllTables:ColumnName>
               <osdmAllTables:PK/>
               <osdmAllTables:FK/>
               <osdmAllTables:M>Y</osdmAllTables:M>
               <osdmAllTables:DataType>VARCHAR (30) </osdmAllTables:DataType>
               <osdmAllTables:DataTypeKind>LT</osdmAllTables:DataTypeKind>
               <osdmAllTables:DomainName/>
               <osdmAllTables:Formula/>
               <osdmAllTables:Security/>
               <osdmAllTables:PreferredAbbreviation/>
            </osdmAllTables:ColumnDetails>
            <osdmAllTables:ColumnDetails>
               <osdmAllTables:Sequence>4</osdmAllTables:Sequence>
               <osdmAllTables:ColumnName>estado_servicio_id_e_s</osdmAllTables:ColumnName>
               <osdmAllTables:PK/>
               <osdmAllTables:FK>F</osdmAllTables:FK>
               <osdmAllTables:M>Y</osdmAllTables:M>
               <osdmAllTables:DataType>Integer</osdmAllTables:DataType>
               <osdmAllTables:DataTypeKind>DOM</osdmAllTables:DataTypeKind>
               <osdmAllTables:DomainName>Integer_0_0_0</osdmAllTables:DomainName>
               <osdmAllTables:Formula/>
               <osdmAllTables:Security/>
               <osdmAllTables:PreferredAbbreviation/>
            </osdmAllTables:ColumnDetails>
            <osdmAllTables:ColumnDetails>
               <osdmAllTables:Sequence>5</osdmAllTables:Sequence>
               <osdmAllTables:ColumnName>precio_servicio</osdmAllTables:ColumnName>
               <osdmAllTables:PK/>
               <osdmAllTables:FK/>
               <osdmAllTables:M>Y</osdmAllTables:M>
               <osdmAllTables:DataType>NUMERIC (10)</osdmAllTables:DataType>
               <osdmAllTables:DataTypeKind>LT</osdmAllTables:DataTypeKind>
               <osdmAllTables:DomainName/>
               <osdmAllTables:Formula/>
               <osdmAllTables:Security/>
               <osdmAllTables:PreferredAbbreviation/>
            </osdmAllTables:ColumnDetails>
         </osdmAllTables:ColumnsCollection>
         <osdmAllTables:IndexesCollection>
            <osdmAllTables:IndexDetails>
               <osdmAllTables:IndexName>servicio_PK</osdmAllTables:IndexName>
               <osdmAllTables:IndexState>PK</osdmAllTables:IndexState>
               <osdmAllTables:IndexFunctional/>
               <osdmAllTables:IndexSpatial/>
               <osdmAllTables:IndexExpression/>
               <osdmAllTables:IndexColumnName>id_servicio</osdmAllTables:IndexColumnName>
               <osdmAllTables:IndexSortOrder>ASC</osdmAllTables:IndexSortOrder>
            </osdmAllTables:IndexDetails>
         </osdmAllTables:IndexesCollection>
         <osdmAllTables:FKRTCollection>
            <osdmAllTables:FKRTDetails>
               <osdmAllTables:FKName>servicio_estado_servicio_FK</osdmAllTables:FKName>
               <osdmAllTables:FKReferringTo>estado_servicio</osdmAllTables:FKReferringTo>
               <osdmAllTables:FKMandatory>Y</osdmAllTables:FKMandatory>
               <osdmAllTables:FKTransferable>Y</osdmAllTables:FKTransferable>
               <osdmAllTables:FKInArc/>
               <osdmAllTables:FKReferringColumnName>estado_servicio_id_e_s</osdmAllTables:FKReferringColumnName>
               <osdmAllTables:FKReferredColumnName>id_e_s</osdmAllTables:FKReferredColumnName>
               <osdmAllTables:FKDeleteRule/>
            </osdmAllTables:FKRTDetails>
         </osdmAllTables:FKRTCollection>
         <osdmAllTables:FKRFCollection>
            <osdmAllTables:FKRFDetails>
               <osdmAllTables:FKName>detalle_venta_servicio_FK</osdmAllTables:FKName>
               <osdmAllTables:FKReferredFrom>detalle_venta</osdmAllTables:FKReferredFrom>
               <osdmAllTables:FKMandatory>Y</osdmAllTables:FKMandatory>
               <osdmAllTables:FKTransferable>Y</osdmAllTables:FKTransferable>
               <osdmAllTables:FKInArc/>
               <osdmAllTables:FKReferringColumnName>id_servicio</osdmAllTables:FKReferringColumnName>
               <osdmAllTables:FKReferredColumnName>servicio_id_servicio</osdmAllTables:FKReferredColumnName>
               <osdmAllTables:FKDeleteRule/>
            </osdmAllTables:FKRFDetails>
         </osdmAllTables:FKRFCollection>
      </osdmAllTables:TableDetails>
      <osdmAllTables:TableDetails>
         <osdmAllTables:TableName>tipo_pago</osdmAllTables:TableName>
         <osdmAllTables:EncodedTableName>5710AC67-2EDE5FEDDCE6</osdmAllTables:EncodedTableName>
         <osdmAllTables:FunctionalName>tipo pago</osdmAllTables:FunctionalName>
         <osdmAllTables:Abbreviation/>
         <osdmAllTables:ClassificationTypeName/>
         <osdmAllTables:ObjectTypeName/>
         <osdmAllTables:MVPrebuilt/>
         <osdmAllTables:MVQuery/>
         <osdmAllTables:QuantitativeInfoCollection>
            <osdmAllTables:NumberOfColumns>3</osdmAllTables:NumberOfColumns>
            <osdmAllTables:NumberOfRowsMin>0</osdmAllTables:NumberOfRowsMin>
            <osdmAllTables:NumberOfRowsMax>9999999</osdmAllTables:NumberOfRowsMax>
            <osdmAllTables:ExpectedNumberOfRows>0</osdmAllTables:ExpectedNumberOfRows>
            <osdmAllTables:ExpectedGrowth>0</osdmAllTables:ExpectedGrowth>
            <osdmAllTables:GrowthInterval>Year</osdmAllTables:GrowthInterval>
         </osdmAllTables:QuantitativeInfoCollection>
         <osdmAllTables:ColumnsCollection>
            <osdmAllTables:ColumnDetails>
               <osdmAllTables:Sequence>1</osdmAllTables:Sequence>
               <osdmAllTables:ColumnName>id_tipo_pago</osdmAllTables:ColumnName>
               <osdmAllTables:PK>P</osdmAllTables:PK>
               <osdmAllTables:FK/>
               <osdmAllTables:M>Y</osdmAllTables:M>
               <osdmAllTables:DataType>Integer</osdmAllTables:DataType>
               <osdmAllTables:DataTypeKind>DOM</osdmAllTables:DataTypeKind>
               <osdmAllTables:DomainName>Integer_0_0_0</osdmAllTables:DomainName>
               <osdmAllTables:Formula/>
               <osdmAllTables:Security/>
               <osdmAllTables:PreferredAbbreviation/>
            </osdmAllTables:ColumnDetails>
            <osdmAllTables:ColumnDetails>
               <osdmAllTables:Sequence>2</osdmAllTables:Sequence>
               <osdmAllTables:ColumnName>name_comision</osdmAllTables:ColumnName>
               <osdmAllTables:PK/>
               <osdmAllTables:FK/>
               <osdmAllTables:M>Y</osdmAllTables:M>
               <osdmAllTables:DataType>VARCHAR (100) </osdmAllTables:DataType>
               <osdmAllTables:DataTypeKind>DOM</osdmAllTables:DataTypeKind>
               <osdmAllTables:DomainName>VARCHAR_0_0_100</osdmAllTables:DomainName>
               <osdmAllTables:Formula/>
               <osdmAllTables:Security/>
               <osdmAllTables:PreferredAbbreviation/>
            </osdmAllTables:ColumnDetails>
            <osdmAllTables:ColumnDetails>
               <osdmAllTables:Sequence>3</osdmAllTables:Sequence>
               <osdmAllTables:ColumnName>porcentaje</osdmAllTables:ColumnName>
               <osdmAllTables:PK/>
               <osdmAllTables:FK/>
               <osdmAllTables:M>Y</osdmAllTables:M>
               <osdmAllTables:DataType>Integer</osdmAllTables:DataType>
               <osdmAllTables:DataTypeKind>DOM</osdmAllTables:DataTypeKind>
               <osdmAllTables:DomainName>Integer_0_0_0</osdmAllTables:DomainName>
               <osdmAllTables:Formula/>
               <osdmAllTables:Security/>
               <osdmAllTables:PreferredAbbreviation/>
            </osdmAllTables:ColumnDetails>
         </osdmAllTables:ColumnsCollection>
         <osdmAllTables:IndexesCollection>
            <osdmAllTables:IndexDetails>
               <osdmAllTables:IndexName>tipo_pago_PK</osdmAllTables:IndexName>
               <osdmAllTables:IndexState>PK</osdmAllTables:IndexState>
               <osdmAllTables:IndexFunctional/>
               <osdmAllTables:IndexSpatial/>
               <osdmAllTables:IndexExpression/>
               <osdmAllTables:IndexColumnName>id_tipo_pago</osdmAllTables:IndexColumnName>
               <osdmAllTables:IndexSortOrder>ASC</osdmAllTables:IndexSortOrder>
            </osdmAllTables:IndexDetails>
         </osdmAllTables:IndexesCollection>
         <osdmAllTables:FKRFCollection>
            <osdmAllTables:FKRFDetails>
               <osdmAllTables:FKName>abono_tipo_pago_FK</osdmAllTables:FKName>
               <osdmAllTables:FKReferredFrom>abono</osdmAllTables:FKReferredFrom>
               <osdmAllTables:FKMandatory>Y</osdmAllTables:FKMandatory>
               <osdmAllTables:FKTransferable>Y</osdmAllTables:FKTransferable>
               <osdmAllTables:FKInArc/>
               <osdmAllTables:FKReferringColumnName>id_tipo_pago</osdmAllTables:FKReferringColumnName>
               <osdmAllTables:FKReferredColumnName>tipo_pago_id_tipo_pago</osdmAllTables:FKReferredColumnName>
               <osdmAllTables:FKDeleteRule/>
            </osdmAllTables:FKRFDetails>
         </osdmAllTables:FKRFCollection>
      </osdmAllTables:TableDetails>
      <osdmAllTables:TableDetails>
         <osdmAllTables:TableName>ventas</osdmAllTables:TableName>
         <osdmAllTables:EncodedTableName>0DE780C7-47097E3DD88C</osdmAllTables:EncodedTableName>
         <osdmAllTables:FunctionalName>ventas</osdmAllTables:FunctionalName>
         <osdmAllTables:Abbreviation/>
         <osdmAllTables:ClassificationTypeName/>
         <osdmAllTables:ObjectTypeName/>
         <osdmAllTables:MVPrebuilt/>
         <osdmAllTables:MVQuery/>
         <osdmAllTables:QuantitativeInfoCollection>
            <osdmAllTables:NumberOfColumns>7</osdmAllTables:NumberOfColumns>
            <osdmAllTables:NumberOfRowsMin>0</osdmAllTables:NumberOfRowsMin>
            <osdmAllTables:NumberOfRowsMax>9999999</osdmAllTables:NumberOfRowsMax>
            <osdmAllTables:ExpectedNumberOfRows>0</osdmAllTables:ExpectedNumberOfRows>
            <osdmAllTables:ExpectedGrowth>0</osdmAllTables:ExpectedGrowth>
            <osdmAllTables:GrowthInterval>Year</osdmAllTables:GrowthInterval>
         </osdmAllTables:QuantitativeInfoCollection>
         <osdmAllTables:ColumnsCollection>
            <osdmAllTables:ColumnDetails>
               <osdmAllTables:Sequence>1</osdmAllTables:Sequence>
               <osdmAllTables:ColumnName>id_venta</osdmAllTables:ColumnName>
               <osdmAllTables:PK>P</osdmAllTables:PK>
               <osdmAllTables:FK/>
               <osdmAllTables:M>Y</osdmAllTables:M>
               <osdmAllTables:DataType>Integer</osdmAllTables:DataType>
               <osdmAllTables:DataTypeKind>DOM</osdmAllTables:DataTypeKind>
               <osdmAllTables:DomainName>Integer_0_0_0</osdmAllTables:DomainName>
               <osdmAllTables:Formula/>
               <osdmAllTables:Security/>
               <osdmAllTables:PreferredAbbreviation/>
            </osdmAllTables:ColumnDetails>
            <osdmAllTables:ColumnDetails>
               <osdmAllTables:Sequence>2</osdmAllTables:Sequence>
               <osdmAllTables:ColumnName>cliente_rut</osdmAllTables:ColumnName>
               <osdmAllTables:PK/>
               <osdmAllTables:FK>F</osdmAllTables:FK>
               <osdmAllTables:M>Y</osdmAllTables:M>
               <osdmAllTables:DataType>VARCHAR (20) </osdmAllTables:DataType>
               <osdmAllTables:DataTypeKind>DOM</osdmAllTables:DataTypeKind>
               <osdmAllTables:DomainName>VARCHAR_0_0_20</osdmAllTables:DomainName>
               <osdmAllTables:Formula/>
               <osdmAllTables:Security/>
               <osdmAllTables:PreferredAbbreviation/>
            </osdmAllTables:ColumnDetails>
            <osdmAllTables:ColumnDetails>
               <osdmAllTables:Sequence>3</osdmAllTables:Sequence>
               <osdmAllTables:ColumnName>empleado_id_empleado</osdmAllTables:ColumnName>
               <osdmAllTables:PK/>
               <osdmAllTables:FK>F</osdmAllTables:FK>
               <osdmAllTables:M>Y</osdmAllTables:M>
               <osdmAllTables:DataType>Integer</osdmAllTables:DataType>
               <osdmAllTables:DataTypeKind>DOM</osdmAllTables:DataTypeKind>
               <osdmAllTables:DomainName>Integer_0_0_0</osdmAllTables:DomainName>
               <osdmAllTables:Formula/>
               <osdmAllTables:Security/>
               <osdmAllTables:PreferredAbbreviation/>
            </osdmAllTables:ColumnDetails>
            <osdmAllTables:ColumnDetails>
               <osdmAllTables:Sequence>4</osdmAllTables:Sequence>
               <osdmAllTables:ColumnName>price</osdmAllTables:ColumnName>
               <osdmAllTables:PK/>
               <osdmAllTables:FK/>
               <osdmAllTables:M>Y</osdmAllTables:M>
               <osdmAllTables:DataType>Integer</osdmAllTables:DataType>
               <osdmAllTables:DataTypeKind>DOM</osdmAllTables:DataTypeKind>
               <osdmAllTables:DomainName>Integer_0_0_0</osdmAllTables:DomainName>
               <osdmAllTables:Formula/>
               <osdmAllTables:Security/>
               <osdmAllTables:PreferredAbbreviation/>
            </osdmAllTables:ColumnDetails>
            <osdmAllTables:ColumnDetails>
               <osdmAllTables:Sequence>5</osdmAllTables:Sequence>
               <osdmAllTables:ColumnName>description</osdmAllTables:ColumnName>
               <osdmAllTables:PK/>
               <osdmAllTables:FK/>
               <osdmAllTables:M/>
               <osdmAllTables:DataType>VARCHAR (100) </osdmAllTables:DataType>
               <osdmAllTables:DataTypeKind>LT</osdmAllTables:DataTypeKind>
               <osdmAllTables:DomainName/>
               <osdmAllTables:Formula/>
               <osdmAllTables:Security/>
               <osdmAllTables:PreferredAbbreviation/>
            </osdmAllTables:ColumnDetails>
            <osdmAllTables:ColumnDetails>
               <osdmAllTables:Sequence>6</osdmAllTables:Sequence>
               <osdmAllTables:ColumnName>fecha_trans</osdmAllTables:ColumnName>
               <osdmAllTables:PK/>
               <osdmAllTables:FK/>
               <osdmAllTables:M>Y</osdmAllTables:M>
               <osdmAllTables:DataType>Date</osdmAllTables:DataType>
               <osdmAllTables:DataTypeKind>DOM</osdmAllTables:DataTypeKind>
               <osdmAllTables:DomainName>Date_0_0_0</osdmAllTables:DomainName>
               <osdmAllTables:Formula>CURRENT_DATE</osdmAllTables:Formula>
               <osdmAllTables:Security/>
               <osdmAllTables:PreferredAbbreviation/>
            </osdmAllTables:ColumnDetails>
            <osdmAllTables:ColumnDetails>
               <osdmAllTables:Sequence>7</osdmAllTables:Sequence>
               <osdmAllTables:ColumnName>Estado_de_venta_id_e_v</osdmAllTables:ColumnName>
               <osdmAllTables:PK/>
               <osdmAllTables:FK>F</osdmAllTables:FK>
               <osdmAllTables:M>Y</osdmAllTables:M>
               <osdmAllTables:DataType>Integer</osdmAllTables:DataType>
               <osdmAllTables:DataTypeKind>DOM</osdmAllTables:DataTypeKind>
               <osdmAllTables:DomainName>Integer_0_0_0</osdmAllTables:DomainName>
               <osdmAllTables:Formula/>
               <osdmAllTables:Security/>
               <osdmAllTables:PreferredAbbreviation/>
            </osdmAllTables:ColumnDetails>
         </osdmAllTables:ColumnsCollection>
         <osdmAllTables:IndexesCollection>
            <osdmAllTables:IndexDetails>
               <osdmAllTables:IndexName>ventas_PK</osdmAllTables:IndexName>
               <osdmAllTables:IndexState>PK</osdmAllTables:IndexState>
               <osdmAllTables:IndexFunctional/>
               <osdmAllTables:IndexSpatial/>
               <osdmAllTables:IndexExpression/>
               <osdmAllTables:IndexColumnName>id_venta</osdmAllTables:IndexColumnName>
               <osdmAllTables:IndexSortOrder>ASC</osdmAllTables:IndexSortOrder>
            </osdmAllTables:IndexDetails>
         </osdmAllTables:IndexesCollection>
         <osdmAllTables:FKRTCollection>
            <osdmAllTables:FKRTDetails>
               <osdmAllTables:FKName>ventas_empleado_FK</osdmAllTables:FKName>
               <osdmAllTables:FKReferringTo>empleado</osdmAllTables:FKReferringTo>
               <osdmAllTables:FKMandatory>Y</osdmAllTables:FKMandatory>
               <osdmAllTables:FKTransferable>Y</osdmAllTables:FKTransferable>
               <osdmAllTables:FKInArc/>
               <osdmAllTables:FKReferringColumnName>empleado_id_empleado</osdmAllTables:FKReferringColumnName>
               <osdmAllTables:FKReferredColumnName>id_empleado</osdmAllTables:FKReferredColumnName>
               <osdmAllTables:FKDeleteRule/>
            </osdmAllTables:FKRTDetails>
            <osdmAllTables:FKRTDetails>
               <osdmAllTables:FKName>ventas_cliente_FK</osdmAllTables:FKName>
               <osdmAllTables:FKReferringTo>cliente</osdmAllTables:FKReferringTo>
               <osdmAllTables:FKMandatory>Y</osdmAllTables:FKMandatory>
               <osdmAllTables:FKTransferable>Y</osdmAllTables:FKTransferable>
               <osdmAllTables:FKInArc/>
               <osdmAllTables:FKReferringColumnName>cliente_rut</osdmAllTables:FKReferringColumnName>
               <osdmAllTables:FKReferredColumnName>rut</osdmAllTables:FKReferredColumnName>
               <osdmAllTables:FKDeleteRule/>
            </osdmAllTables:FKRTDetails>
            <osdmAllTables:FKRTDetails>
               <osdmAllTables:FKName>ventas_Estado_de_venta_FK</osdmAllTables:FKName>
               <osdmAllTables:FKReferringTo>Estado_de_venta</osdmAllTables:FKReferringTo>
               <osdmAllTables:FKMandatory>Y</osdmAllTables:FKMandatory>
               <osdmAllTables:FKTransferable>Y</osdmAllTables:FKTransferable>
               <osdmAllTables:FKInArc/>
               <osdmAllTables:FKReferringColumnName>Estado_de_venta_id_e_v</osdmAllTables:FKReferringColumnName>
               <osdmAllTables:FKReferredColumnName>id_e_v</osdmAllTables:FKReferredColumnName>
               <osdmAllTables:FKDeleteRule/>
            </osdmAllTables:FKRTDetails>
         </osdmAllTables:FKRTCollection>
         <osdmAllTables:FKRFCollection>
            <osdmAllTables:FKRFDetails>
               <osdmAllTables:FKName>abono_ventas_FK</osdmAllTables:FKName>
               <osdmAllTables:FKReferredFrom>abono</osdmAllTables:FKReferredFrom>
               <osdmAllTables:FKMandatory>Y</osdmAllTables:FKMandatory>
               <osdmAllTables:FKTransferable>Y</osdmAllTables:FKTransferable>
               <osdmAllTables:FKInArc/>
               <osdmAllTables:FKReferringColumnName>id_venta</osdmAllTables:FKReferringColumnName>
               <osdmAllTables:FKReferredColumnName>ventas_id_venta</osdmAllTables:FKReferredColumnName>
               <osdmAllTables:FKDeleteRule/>
            </osdmAllTables:FKRFDetails>
            <osdmAllTables:FKRFDetails>
               <osdmAllTables:FKName>detalle_venta_ventas_FK</osdmAllTables:FKName>
               <osdmAllTables:FKReferredFrom>detalle_venta</osdmAllTables:FKReferredFrom>
               <osdmAllTables:FKMandatory>Y</osdmAllTables:FKMandatory>
               <osdmAllTables:FKTransferable>Y</osdmAllTables:FKTransferable>
               <osdmAllTables:FKInArc/>
               <osdmAllTables:FKReferringColumnName>id_venta</osdmAllTables:FKReferringColumnName>
               <osdmAllTables:FKReferredColumnName>ventas_id_venta</osdmAllTables:FKReferredColumnName>
               <osdmAllTables:FKDeleteRule/>
            </osdmAllTables:FKRFDetails>
         </osdmAllTables:FKRFCollection>
      </osdmAllTables:TableDetails>
   </osdmAllTables:TablesCollection>
</osdmAllTables:Tables>