<?xml version = '1.0' encoding = 'UTF-8'?>
<Diagram class="oracle.dbtools.crest.swingui.relational.DPVRelational" name="Relational_1" id="1B259702-98FB-F9CC-E193-A0E4F0BA8E14">
<createdBy>crist</createdBy>
<modifiedBy>crist</modifiedBy>
<createdTime>2024-10-09 21:31:52 UTC</createdTime>
<autoRoute>false</autoRoute>
<boxInbox>true</boxInbox>
<showLegend>false</showLegend>
<showLabels>false</showLabels>
<showRelAttributes>false</showRelAttributes>
<gridEnabled>false</gridEnabled>
<showGrid>false</showGrid>
<diagramColor>-1</diagramColor>
<display>false</display>
<notation>1</notation>
<objectViews>
<OView class="oracle.dbtools.crest.swingui.relational.TVTable" oid="214760D7-CC3A-01C6-3B4D-2A9986514746" otype="Table" vid="86C981E6-5918-B6F9-4D2E-6ED5956F1D7C">
<hideElementsInCurrentOnly>false</hideElementsInCurrentOnly>
<bounds x="633" y="426" width="258" height="192"/>
</OView>
<OView class="oracle.dbtools.crest.swingui.relational.TVTable" oid="3F93C5B2-2778-8B54-1DC3-1ACED0862657" otype="Table" vid="CEBC075D-36FC-D39E-59BA-CC70AFE9A19B">
<hideElementsInCurrentOnly>false</hideElementsInCurrentOnly>
<bounds x="632" y="20" width="271" height="150"/>
</OView>
<OView class="oracle.dbtools.crest.swingui.relational.TVTable" oid="85396596-4C7C-1DC5-1DC3-325891E75D83" otype="Table" vid="6B06A431-F54F-ACB4-9DEA-5BCCD1B16E6C">
<hideElementsInCurrentOnly>false</hideElementsInCurrentOnly>
<bounds x="248" y="37" width="217" height="142"/>
</OView>
<OView class="oracle.dbtools.crest.swingui.relational.TVTable" oid="87866342-C2F5-E7C4-53D2-2642A046B4B7" otype="Table" vid="32C646E6-8CCA-1507-0A4F-0210DF8AF9C3">
<hideElementsInCurrentOnly>false</hideElementsInCurrentOnly>
<bounds x="1035" y="122" width="216" height="116"/>
</OView>
<OView class="oracle.dbtools.crest.swingui.relational.TVTable" oid="931457A5-0CEC-547E-5F18-A884CE5354A7" otype="Table" vid="17670717-ED48-44AE-B955-B00EF0BF425A">
<hideElementsInCurrentOnly>false</hideElementsInCurrentOnly>
<bounds x="189" y="280" width="235" height="136"/>
</OView>
<OView class="oracle.dbtools.crest.swingui.relational.TVTable" oid="AA1C694E-9658-33D3-9401-D16490C983FB" otype="Table" vid="03FAC2F6-9071-2732-7FDE-B9CD8897FE84">
<hideElementsInCurrentOnly>false</hideElementsInCurrentOnly>
<bounds x="632" y="230" width="223" height="136"/>
</OView>
<OView class="oracle.dbtools.crest.swingui.relational.TVTable" oid="B1BE9206-070A-3C2B-6513-8786E4D9ED44" otype="Table" vid="642A696E-2240-CA0A-8F34-F2593C19A4F0">
<hideElementsInCurrentOnly>false</hideElementsInCurrentOnly>
<bounds x="1059" y="418" width="216" height="116"/>
</OView>
<OView class="oracle.dbtools.crest.swingui.relational.TVTable" oid="DC55967B-F52E-98BE-CE1C-8EF11AC600F5" otype="Table" vid="4AF891B6-8DBD-FAEE-3DFD-C5F427E047F1">
<hideElementsInCurrentOnly>false</hideElementsInCurrentOnly>
<bounds x="145" y="501" width="297" height="122"/>
</OView>
<OView class="oracle.dbtools.crest.swingui.relational.TVTable" oid="F24AD2C8-00C7-9924-65CA-6F5146D09B98" otype="Table" vid="BC5D4333-05BE-30EB-68ED-F908C9F65503">
<hideElementsInCurrentOnly>false</hideElementsInCurrentOnly>
<bounds x="670" y="728" width="218" height="150"/>
</OView>
<OView class="oracle.dbtools.crest.swingui.relational.TVTable" oid="F7EAB4CD-82E8-ED04-FF8E-9E83A5D88BBA" otype="Table" vid="6785548B-2F61-5950-CCC2-4376C5C1BCFB">
<hideElementsInCurrentOnly>false</hideElementsInCurrentOnly>
<bounds x="207" y="806" width="179" height="74"/>
</OView>
</objectViews>
<connectors>
<Connector class="oracle.dbtools.crest.swingui.relational.TVFKRelation" oid="0CBCBE13-B9D4-AFED-986C-98E3C05849A9" otype="FKIndexAssociation" vid_source="86C981E6-5918-B6F9-4D2E-6ED5956F1D7C" vid_target="03FAC2F6-9071-2732-7FDE-B9CD8897FE84">
<hideElementsInCurrentOnly>false</hideElementsInCurrentOnly>
<backgroundColor>-16777216</backgroundColor>
<lineWidth>1</lineWidth>
<points>
<point x="744" y="426"/>
<point x="744" y="366"/>
</points>
</Connector>
<Connector class="oracle.dbtools.crest.swingui.relational.TVFKRelation" oid="3E82C408-196B-1697-E9B8-1E04590DA539" otype="FKIndexAssociation" vid_source="86C981E6-5918-B6F9-4D2E-6ED5956F1D7C" vid_target="17670717-ED48-44AE-B955-B00EF0BF425A">
<hideElementsInCurrentOnly>false</hideElementsInCurrentOnly>
<backgroundColor>-16777216</backgroundColor>
<lineWidth>1</lineWidth>
<points>
<point x="633" y="472"/>
<point x="424" y="392"/>
</points>
</Connector>
<Connector class="oracle.dbtools.crest.swingui.relational.TVFKRelation" oid="51AFB121-70A8-9D3A-5C1F-0FBA5A89003C" otype="FKIndexAssociation" vid_source="642A696E-2240-CA0A-8F34-F2593C19A4F0" vid_target="86C981E6-5918-B6F9-4D2E-6ED5956F1D7C">
<hideElementsInCurrentOnly>false</hideElementsInCurrentOnly>
<backgroundColor>-16777216</backgroundColor>
<lineWidth>1</lineWidth>
<points>
<point x="1059" y="480"/>
<point x="891" y="480"/>
</points>
</Connector>
<Connector class="oracle.dbtools.crest.swingui.relational.TVFKRelation" oid="5A4F266E-0246-7677-8FD3-FA57BCC5FF72" otype="FKIndexAssociation" vid_source="4AF891B6-8DBD-FAEE-3DFD-C5F427E047F1" vid_target="17670717-ED48-44AE-B955-B00EF0BF425A">
<hideElementsInCurrentOnly>false</hideElementsInCurrentOnly>
<backgroundColor>-16777216</backgroundColor>
<lineWidth>1</lineWidth>
<points>
<point x="306" y="501"/>
<point x="306" y="416"/>
</points>
</Connector>
<Connector class="oracle.dbtools.crest.swingui.relational.TVFKRelation" oid="5E943A00-E2F5-A30C-44E5-2E58331F4FE0" otype="FKIndexAssociation" vid_source="6785548B-2F61-5950-CCC2-4376C5C1BCFB" vid_target="4AF891B6-8DBD-FAEE-3DFD-C5F427E047F1">
<hideElementsInCurrentOnly>false</hideElementsInCurrentOnly>
<backgroundColor>-16777216</backgroundColor>
<lineWidth>1</lineWidth>
<points>
<point x="296" y="806"/>
<point x="296" y="623"/>
</points>
</Connector>
<Connector class="oracle.dbtools.crest.swingui.relational.TVFKRelation" oid="6ADB7233-7501-2AA8-3F3C-BDB84EA2C121" otype="FKIndexAssociation" vid_source="86C981E6-5918-B6F9-4D2E-6ED5956F1D7C" vid_target="BC5D4333-05BE-30EB-68ED-F908C9F65503">
<hideElementsInCurrentOnly>false</hideElementsInCurrentOnly>
<backgroundColor>-16777216</backgroundColor>
<lineWidth>1</lineWidth>
<points>
<point x="779" y="618"/>
<point x="779" y="728"/>
</points>
</Connector>
<Connector class="oracle.dbtools.crest.swingui.relational.TVFKRelation" oid="6E5A5D76-697E-9B77-FC60-29A5F440592B" otype="FKIndexAssociation" vid_source="32C646E6-8CCA-1507-0A4F-0210DF8AF9C3" vid_target="86C981E6-5918-B6F9-4D2E-6ED5956F1D7C">
<hideElementsInCurrentOnly>false</hideElementsInCurrentOnly>
<backgroundColor>-16777216</backgroundColor>
<lineWidth>1</lineWidth>
<points>
<point x="1078" y="238"/>
<point x="868" y="426"/>
</points>
</Connector>
<Connector class="oracle.dbtools.crest.swingui.relational.TVFKRelation" oid="9ADC3362-E5CE-5402-1B17-6D29B6F7DEDB" otype="FKIndexAssociation" vid_source="32C646E6-8CCA-1507-0A4F-0210DF8AF9C3" vid_target="CEBC075D-36FC-D39E-59BA-CC70AFE9A19B">
<hideElementsInCurrentOnly>false</hideElementsInCurrentOnly>
<backgroundColor>-16777216</backgroundColor>
<lineWidth>1</lineWidth>
<points>
<point x="1035" y="146"/>
<point x="903" y="146"/>
</points>
</Connector>
<Connector class="oracle.dbtools.crest.swingui.relational.TVFKRelation" oid="ED608D5B-CC35-DB7D-23EA-DF3156713738" otype="FKIndexAssociation" vid_source="03FAC2F6-9071-2732-7FDE-B9CD8897FE84" vid_target="CEBC075D-36FC-D39E-59BA-CC70AFE9A19B">
<hideElementsInCurrentOnly>false</hideElementsInCurrentOnly>
<backgroundColor>-16777216</backgroundColor>
<lineWidth>1</lineWidth>
<points>
<point x="743" y="230"/>
<point x="743" y="170"/>
</points>
</Connector>
<Connector class="oracle.dbtools.crest.swingui.relational.TVFKRelation" oid="F65A7A64-6A4A-6FEA-74BE-39F0F8D18FAD" otype="FKIndexAssociation" vid_source="03FAC2F6-9071-2732-7FDE-B9CD8897FE84" vid_target="6B06A431-F54F-ACB4-9DEA-5BCCD1B16E6C">
<hideElementsInCurrentOnly>false</hideElementsInCurrentOnly>
<backgroundColor>-16777216</backgroundColor>
<lineWidth>1</lineWidth>
<points>
<point x="632" y="243"/>
<point x="465" y="161"/>
</points>
</Connector>
</connectors>
</Diagram>