<?xml version = '1.0' encoding = 'UTF-8'?>
<Entity class="oracle.dbtools.crest.model.design.logical.Entity" directorySegmentName="seg_0" id="21775A64-7184-97C8-D81B-842C7B7C8439" name="citas">
<createdBy>crist</createdBy>
<createdTime>2024-10-09 21:37:57 UTC</createdTime>
<generatorID>F24AD2C8-00C7-9924-65CA-6F5146D09B98</generatorID>
<ownerDesignName>ProyectoAngeles</ownerDesignName>
<engineerTo>
<item key="5687DD76-BF03-8063-EB0C-1C7A978C1900" value="true"/>
</engineerTo>
<adequatelyNormalized>NO</adequatelyNormalized>
<expectedVolumes>0</expectedVolumes>
<fwdEngineeringStrategyName>Single Table</fwdEngineeringStrategyName>
<growthPercent>0</growthPercent>
<growthType>Year</growthType>
<maxVolumes>9999999</maxVolumes>
<minVolumes>0</minVolumes>
<normalForm>Third</normalForm>
<attributes itemClass="oracle.dbtools.crest.model.design.logical.Attribute">
<Attribute name="id_cita" id="AEEDE5E2-0B8A-C6BD-3B41-91A0F80E208A">
<createdBy>crist</createdBy>
<createdTime>2024-10-09 21:37:57 UTC</createdTime>
<generatorID>C9F84F10-472B-7C5C-BEF8-F57673282B2F</generatorID>
<ownerDesignName>ProyectoAngeles</ownerDesignName>
<engineerTo>
<item key="5687DD76-BF03-8063-EB0C-1C7A978C1900" value="true"/>
</engineerTo>
<use>0</use>
<logicalDatatype>LOGDT011</logicalDatatype>
<domain>97A67F11-3830-65C1-65FB-2618E73645BB</domain>
<ownDataTypeParameters>,,</ownDataTypeParameters>
</Attribute>
<Attribute name="fecha_atencion" id="EAB90903-82FF-A207-B0B8-7E7B970B41B1">
<createdBy>crist</createdBy>
<createdTime>2024-10-09 21:37:57 UTC</createdTime>
<generatorID>3758FA08-5B63-94A3-E1DB-79203A35C907</generatorID>
<ownerDesignName>ProyectoAngeles</ownerDesignName>
<engineerTo>
<item key="5687DD76-BF03-8063-EB0C-1C7A978C1900" value="true"/>
</engineerTo>
<useDomainConstraints>false</useDomainConstraints>
<use>1</use>
<logicalDatatype>LOGDT014</logicalDatatype>
<ownDataTypeParameters>,,</ownDataTypeParameters>
</Attribute>
<Attribute name="description" id="97878978-A794-AF6B-CE33-69D25E1CF9E0">
<createdBy>crist</createdBy>
<createdTime>2024-10-09 21:37:57 UTC</createdTime>
<generatorID>B6500F74-65C3-8A7A-04C0-6A677BF9700A</generatorID>
<ownerDesignName>ProyectoAngeles</ownerDesignName>
<engineerTo>
<item key="5687DD76-BF03-8063-EB0C-1C7A978C1900" value="true"/>
</engineerTo>
<nullsAllowed>true</nullsAllowed>
<use>0</use>
<logicalDatatype>LOGDT024</logicalDatatype>
<domain>337FD249-9556-CF4E-995F-97F0A3793779</domain>
<ownDataTypeParameters>,,</ownDataTypeParameters>
</Attribute>
<Attribute name="start_time" id="DF647969-594B-C182-E003-92812ABA074B">
<createdBy>crist</createdBy>
<createdTime>2024-10-09 21:37:57 UTC</createdTime>
<generatorID>BEFF31A0-E4F8-AC21-5BD7-DDA25CBD32F9</generatorID>
<ownerDesignName>ProyectoAngeles</ownerDesignName>
<engineerTo>
<item key="5687DD76-BF03-8063-EB0C-1C7A978C1900" value="true"/>
</engineerTo>
<useDomainConstraints>false</useDomainConstraints>
<use>1</use>
<logicalDatatype>LOGDT014</logicalDatatype>
<ownDataTypeParameters>,,</ownDataTypeParameters>
</Attribute>
<Attribute name="end_time" id="EEF32822-9FF0-9301-3B31-7447B3CD7696">
<createdBy>crist</createdBy>
<createdTime>2024-10-09 21:37:57 UTC</createdTime>
<generatorID>F245F1BF-AE78-0B16-1F3D-DD88A0A6462B</generatorID>
<ownerDesignName>ProyectoAngeles</ownerDesignName>
<engineerTo>
<item key="5687DD76-BF03-8063-EB0C-1C7A978C1900" value="true"/>
</engineerTo>
<useDomainConstraints>false</useDomainConstraints>
<use>1</use>
<logicalDatatype>LOGDT014</logicalDatatype>
<ownDataTypeParameters>,,</ownDataTypeParameters>
</Attribute>
<Attribute name="created_at" id="D4C4A94B-ACAB-2DE5-BDAC-C042BF2D4580">
<createdBy>jimmy</createdBy>
<createdTime>2024-12-09 04:23:48 UTC</createdTime>
<ownerDesignName>ProyectoAngeles</ownerDesignName>
<engineerTo>
<item key="5687DD76-BF03-8063-EB0C-1C7A978C1900" value="true"/>
</engineerTo>
<useDomainConstraints>false</useDomainConstraints>
<use>1</use>
<logicalDatatype>LOGDT007</logicalDatatype>
<ownDataTypeParameters>,,</ownDataTypeParameters>
</Attribute>
<Attribute name="asistio" id="BD001CB6-BDF0-3CDB-FEF3-66DF1A396EB6">
<createdBy>jimmy</createdBy>
<createdTime>2024-12-09 04:24:45 UTC</createdTime>
<ownerDesignName>ProyectoAngeles</ownerDesignName>
<engineerTo>
<item key="5687DD76-BF03-8063-EB0C-1C7A978C1900" value="true"/>
</engineerTo>
<useDomainConstraints>false</useDomainConstraints>
<use>1</use>
<logicalDatatype>LOGDT006</logicalDatatype>
<dataTypeSize>10</dataTypeSize>
<ownDataTypeParameters>10,,</ownDataTypeParameters>
</Attribute>
</attributes>
<identifiers itemClass="oracle.dbtools.crest.model.design.logical.CandidateKey">
<identifier id="24695834-92B1-0642-94F0-827734B020C5" name="citas pk">
<createdBy>crist</createdBy>
<createdTime>2024-10-09 21:37:57 UTC</createdTime>
<generatorID>EC42B930-8D2C-A551-0CEA-CEB33D65749C</generatorID>
<ownerDesignName>ProyectoAngeles</ownerDesignName>
<engineerTo>
<item key="5687DD76-BF03-8063-EB0C-1C7A978C1900" value="true"/>
</engineerTo>
<pk>true</pk>
<usedAttributes>
<attributeRef>AEEDE5E2-0B8A-C6BD-3B41-91A0F80E208A</attributeRef>
</usedAttributes>
</identifier>
</identifiers>
</Entity>