<?xml version = '1.0' encoding = 'UTF-8'?>
<Entity class="oracle.dbtools.crest.model.design.logical.Entity" directorySegmentName="seg_0" id="272E479C-A365-A00E-D689-D3CE8F837765" name="servicio">
<createdBy>crist</createdBy>
<createdTime>2024-10-09 21:37:57 UTC</createdTime>
<generatorID>DC55967B-F52E-98BE-CE1C-8EF11AC600F5</generatorID>
<ownerDesignName>ProyectoAngeles</ownerDesignName>
<engineerTo>
<item key="5687DD76-BF03-8063-EB0C-1C7A978C1900" value="true"/>
</engineerTo>
<adequatelyNormalized>NO</adequatelyNormalized>
<expectedVolumes>0</expectedVolumes>
<fwdEngineeringStrategyName>Single Table</fwdEngineeringStrategyName>
<growthPercent>0</growthPercent>
<growthType>Year</growthType>
<maxVolumes>9999999</maxVolumes>
<minVolumes>0</minVolumes>
<normalForm>Third</normalForm>
<attributes itemClass="oracle.dbtools.crest.model.design.logical.Attribute">
<Attribute name="id_servicio" id="3733CFC8-DB8D-D8A5-D49E-942F6A918B35">
<createdBy>crist</createdBy>
<createdTime>2024-10-09 21:37:57 UTC</createdTime>
<generatorID>B4C1C1BD-7427-5F02-9299-E690385D8FAE</generatorID>
<ownerDesignName>ProyectoAngeles</ownerDesignName>
<engineerTo>
<item key="5687DD76-BF03-8063-EB0C-1C7A978C1900" value="true"/>
</engineerTo>
<use>0</use>
<logicalDatatype>LOGDT011</logicalDatatype>
<domain>97A67F11-3830-65C1-65FB-2618E73645BB</domain>
<ownDataTypeParameters>,,</ownDataTypeParameters>
</Attribute>
<Attribute name="cant_sesiones" id="7006D1E6-9AC1-9A05-17D9-DE5D77D73010">
<createdBy>crist</createdBy>
<createdTime>2024-10-09 21:37:57 UTC</createdTime>
<generatorID>B2CBA978-6C8B-A410-D79E-7783346C83C8</generatorID>
<ownerDesignName>ProyectoAngeles</ownerDesignName>
<engineerTo>
<item key="5687DD76-BF03-8063-EB0C-1C7A978C1900" value="true"/>
</engineerTo>
<use>0</use>
<logicalDatatype>LOGDT011</logicalDatatype>
<domain>97A67F11-3830-65C1-65FB-2618E73645BB</domain>
<ownDataTypeParameters>,,</ownDataTypeParameters>
</Attribute>
<Attribute name="nom_serv" id="62CDA866-47A1-4557-A28D-A050268FFE5B">
<createdBy>crist</createdBy>
<createdTime>2024-10-09 21:37:57 UTC</createdTime>
<generatorID>E6C0D12E-DDEC-BB46-77C3-89743EB0AFF4</generatorID>
<ownerDesignName>ProyectoAngeles</ownerDesignName>
<engineerTo>
<item key="5687DD76-BF03-8063-EB0C-1C7A978C1900" value="true"/>
</engineerTo>
<useDomainConstraints>false</useDomainConstraints>
<use>1</use>
<logicalDatatype>LOGDT024</logicalDatatype>
<dataTypeSize>30</dataTypeSize>
<ownDataTypeParameters>30,,</ownDataTypeParameters>
</Attribute>
<Attribute name="precio_servicio" id="76B465F0-5176-774C-F08B-F793D89FB4D0">
<createdBy>jimmy</createdBy>
<createdTime>2024-12-09 05:46:36 UTC</createdTime>
<ownerDesignName>ProyectoAngeles</ownerDesignName>
<engineerTo>
<item key="5687DD76-BF03-8063-EB0C-1C7A978C1900" value="true"/>
</engineerTo>
<useDomainConstraints>false</useDomainConstraints>
<use>1</use>
<logicalDatatype>LOGDT019</logicalDatatype>
<dataTypePrecision>10</dataTypePrecision>
<ownDataTypeParameters>,10,</ownDataTypeParameters>
</Attribute>
<Attribute name="id_e_s" id="E7657B1D-0EC4-BA0D-3F75-E4FF0C2D4AF0">
<createdBy>crist</createdBy>
<createdTime>2024-10-09 21:37:57 UTC</createdTime>
<generatorID>E0C90AA4-7E8D-38F9-BB81-CFF67761C34C</generatorID>
<ownerDesignName>ProyectoAngeles</ownerDesignName>
<engineerTo>
<item key="5687DD76-BF03-8063-EB0C-1C7A978C1900" value="true"/>
</engineerTo>
<referedAttribute>45D84256-B708-ADEB-B758-C14CAB09C275</referedAttribute>
<use>0</use>
<logicalDatatype>LOGDT011</logicalDatatype>
<domain>97A67F11-3830-65C1-65FB-2618E73645BB</domain>
<ownDataTypeParameters>,,</ownDataTypeParameters>
</Attribute>
</attributes>
<identifiers itemClass="oracle.dbtools.crest.model.design.logical.CandidateKey">
<identifier id="F019E546-F2C5-DD11-B49D-FD71AF5A375F" name="servicio pk">
<createdBy>crist</createdBy>
<createdTime>2024-10-09 21:37:57 UTC</createdTime>
<generatorID>E1DE70ED-57A9-EB0E-8060-1E6D8D78663D</generatorID>
<ownerDesignName>ProyectoAngeles</ownerDesignName>
<engineerTo>
<item key="5687DD76-BF03-8063-EB0C-1C7A978C1900" value="true"/>
</engineerTo>
<pk>true</pk>
<usedAttributes>
<attributeRef>3733CFC8-DB8D-D8A5-D49E-942F6A918B35</attributeRef>
</usedAttributes>
</identifier>
</identifiers>
</Entity>