<?xml version = '1.0' encoding = 'UTF-8'?>
<Entity class="oracle.dbtools.crest.model.design.logical.Entity" directorySegmentName="seg_0" id="EC72C876-1A5A-3CD8-F17C-C37E8BCCC2DF" name="cliente">
<createdBy>crist</createdBy>
<createdTime>2024-10-09 21:37:57 UTC</createdTime>
<generatorID>B1BE9206-070A-3C2B-6513-8786E4D9ED44</generatorID>
<ownerDesignName>ProyectoAngeles</ownerDesignName>
<engineerTo>
<item key="5687DD76-BF03-8063-EB0C-1C7A978C1900" value="true"/>
</engineerTo>
<adequatelyNormalized>NO</adequatelyNormalized>
<expectedVolumes>0</expectedVolumes>
<fwdEngineeringStrategyName>Single Table</fwdEngineeringStrategyName>
<growthPercent>0</growthPercent>
<growthType>Year</growthType>
<maxVolumes>9999999</maxVolumes>
<minVolumes>0</minVolumes>
<normalForm>Third</normalForm>
<attributes itemClass="oracle.dbtools.crest.model.design.logical.Attribute">
<Attribute name="id_cliente" id="806C6E40-B899-DEC7-BE5F-55A7E45E381D">
<createdBy>crist</createdBy>
<createdTime>2024-10-09 21:37:57 UTC</createdTime>
<generatorID>347B7459-E847-7E9C-7975-F9588AEDF753</generatorID>
<ownerDesignName>ProyectoAngeles</ownerDesignName>
<engineerTo>
<item key="5687DD76-BF03-8063-EB0C-1C7A978C1900" value="true"/>
</engineerTo>
<use>0</use>
<logicalDatatype>LOGDT011</logicalDatatype>
<domain>97A67F11-3830-65C1-65FB-2618E73645BB</domain>
<ownDataTypeParameters>,,</ownDataTypeParameters>
</Attribute>
<Attribute name="rut" id="D941E59D-BCDD-F11C-8E12-FE7CF72537D7">
<createdBy>crist</createdBy>
<createdTime>2024-10-09 21:37:57 UTC</createdTime>
<generatorID>7D3B192D-78D3-F052-57AA-873F132C08E1</generatorID>
<ownerDesignName>ProyectoAngeles</ownerDesignName>
<engineerTo>
<item key="5687DD76-BF03-8063-EB0C-1C7A978C1900" value="true"/>
</engineerTo>
<use>0</use>
<logicalDatatype>LOGDT024</logicalDatatype>
<domain>2496BB0E-78D5-22AD-532B-21E01F2480CA</domain>
<ownDataTypeParameters>,,</ownDataTypeParameters>
</Attribute>
<Attribute name="nombre_cliente" id="7CA76621-B902-7193-ECB1-25AE594DD31C">
<createdBy>crist</createdBy>
<createdTime>2024-10-09 21:37:57 UTC</createdTime>
<generatorID>9AB752EA-0593-3ACD-E639-39B563917C60</generatorID>
<ownerDesignName>ProyectoAngeles</ownerDesignName>
<engineerTo>
<item key="5687DD76-BF03-8063-EB0C-1C7A978C1900" value="true"/>
</engineerTo>
<use>0</use>
<logicalDatatype>LOGDT024</logicalDatatype>
<domain>FD0A0AAF-5C63-DB1D-14AF-029540511966</domain>
<ownDataTypeParameters>,,</ownDataTypeParameters>
</Attribute>
<Attribute name="phone" id="52B105ED-3806-02CD-8033-53C09DE9E4C2">
<createdBy>crist</createdBy>
<createdTime>2024-10-09 21:37:57 UTC</createdTime>
<generatorID>17CA97B9-E7F7-66DA-5152-DFA5FD08874C</generatorID>
<ownerDesignName>ProyectoAngeles</ownerDesignName>
<engineerTo>
<item key="5687DD76-BF03-8063-EB0C-1C7A978C1900" value="true"/>
</engineerTo>
<use>0</use>
<logicalDatatype>LOGDT024</logicalDatatype>
<domain>2496BB0E-78D5-22AD-532B-21E01F2480CA</domain>
<ownDataTypeParameters>,,</ownDataTypeParameters>
</Attribute>
</attributes>
<identifiers itemClass="oracle.dbtools.crest.model.design.logical.CandidateKey">
<identifier id="DFE1D0F9-ABFD-BD46-7361-508838A812E8" name="cliente pk">
<createdBy>crist</createdBy>
<createdTime>2024-10-09 21:37:57 UTC</createdTime>
<generatorID>F5B7D018-4E44-4ED9-2E69-7CEF11619A54</generatorID>
<ownerDesignName>ProyectoAngeles</ownerDesignName>
<engineerTo>
<item key="5687DD76-BF03-8063-EB0C-1C7A978C1900" value="true"/>
</engineerTo>
<pk>true</pk>
<usedAttributes>
<attributeRef>806C6E40-B899-DEC7-BE5F-55A7E45E381D</attributeRef>
</usedAttributes>
</identifier>
<identifier id="27FF4E38-1E1F-AAE2-74D9-AE793423CF49" name="cliente rut un">
<createdBy>crist</createdBy>
<createdTime>2024-10-09 21:37:57 UTC</createdTime>
<generatorID>BDEC2AA2-CCA2-787B-4037-71FFBB60D7BA</generatorID>
<ownerDesignName>ProyectoAngeles</ownerDesignName>
<engineerTo>
<item key="5687DD76-BF03-8063-EB0C-1C7A978C1900" value="true"/>
</engineerTo>
<usedAttributes>
<attributeRef>D941E59D-BCDD-F11C-8E12-FE7CF72537D7</attributeRef>
</usedAttributes>
</identifier>
</identifiers>
</Entity>