<?xml version = '1.0' encoding = 'UTF-8'?>
<Relation class="oracle.dbtools.crest.model.design.logical.Relation" name="Relation_14" directorySegmentName="seg_0" id="4F76BBF8-BCF8-BA02-3A43-8D4FE60B7D95">
<createdBy>jimmy</createdBy>
<createdTime>2024-12-02 21:09:20 UTC</createdTime>
<ownerDesignName>ProyectoAngeles</ownerDesignName>
<engineerTo>
<item key="5687DD76-BF03-8063-EB0C-1C7A978C1900" value="true"/>
</engineerTo>
<sourcePk>0DDA064D-5677-EBE9-52BC-C033AE1089AD</sourcePk>
<identifying>false</identifying>
<optionalSource>true</optionalSource>
<optionalTarget>false</optionalTarget>
<sourceCardinality>1</sourceCardinality>
<sourceEntity>36F768FA-1C49-8FFC-4389-2744236A8982</sourceEntity>
<targetCardinalityString>*</targetCardinalityString>
<targetEntity>2A650AA9-03C1-0E89-3E2F-35936BFD6825</targetEntity>
<transferable>true</transferable>
<deleteRule>NO ACTION</deleteRule>
</Relation>