<?xml version = '1.0' encoding = 'UTF-8'?>
<Relation class="oracle.dbtools.crest.model.design.logical.Relation" name="Relation_12" directorySegmentName="seg_0" id="7BA58DF0-274C-7AAC-82FA-F2F64613AD84">
<createdBy>jimmy</createdBy>
<createdTime>2024-12-02 21:05:08 UTC</createdTime>
<ownerDesignName>ProyectoAngeles</ownerDesignName>
<engineerTo>
<item key="5687DD76-BF03-8063-EB0C-1C7A978C1900" value="true"/>
</engineerTo>
<sourcePk>71D8FCE9-8BDD-B65A-E4BE-04619E282662</sourcePk>
<targetPk>24695834-92B1-0642-94F0-827734B020C5</targetPk>
<identifying>false</identifying>
<optionalSource>false</optionalSource>
<optionalTarget>false</optionalTarget>
<sourceCardinality>*</sourceCardinality>
<sourceEntity>D2D0101F-E862-2BBB-A634-97297B385DFD</sourceEntity>
<targetCardinalityString>1</targetCardinalityString>
<targetEntity>21775A64-7184-97C8-D81B-842C7B7C8439</targetEntity>
<transferable>true</transferable>
<deleteRule>NO ACTION</deleteRule>
</Relation>