<?xml version = '1.0' encoding = 'UTF-8'?>
<Relation class="oracle.dbtools.crest.model.design.logical.Relation" name="comision_abono_fk" directorySegmentName="seg_0" id="A0D6DDF8-512A-B207-E492-22DA6173FD83">
<createdBy>crist</createdBy>
<createdTime>2024-10-09 21:37:57 UTC</createdTime>
<generatorID>ED608D5B-CC35-DB7D-23EA-DF3156713738</generatorID>
<ownerDesignName>ProyectoAngeles</ownerDesignName>
<engineerTo>
<item key="5687DD76-BF03-8063-EB0C-1C7A978C1900" value="true"/>
</engineerTo>
<sourcePk>3F4690A2-0AB6-21A8-3DD3-3ABDA0C88689</sourcePk>
<targetPk>9D2E0F53-D0BD-89B7-CF77-B9CD07AEE3AD</targetPk>
<dominantRole>C05BECF7-23E0-4924-A1C8-07A3379FC131</dominantRole>
<identifying>false</identifying>
<optionalSource>false</optionalSource>
<optionalTarget>false</optionalTarget>
<sourceCardinality>1</sourceCardinality>
<sourceEntity>70EAC2DD-1902-99E1-43F6-BE7F001051EE</sourceEntity>
<targetCardinalityString>1</targetCardinalityString>
<targetEntity>C05BECF7-23E0-4924-A1C8-07A3379FC131</targetEntity>
<transferable>true</transferable>
<deleteRule>NO ACTION</deleteRule>
</Relation>