<?xml version = '1.0' encoding = 'UTF-8'?>
<Relation class="oracle.dbtools.crest.model.design.logical.Relation" name="detalle_venta_servicio_fk" directorySegmentName="seg_0" id="F461ADAD-7EE0-1502-C3F1-11C1FB392310">
<createdBy>crist</createdBy>
<createdTime>2024-10-09 21:37:57 UTC</createdTime>
<generatorID>5A4F266E-0246-7677-8FD3-FA57BCC5FF72</generatorID>
<ownerDesignName>ProyectoAngeles</ownerDesignName>
<engineerTo>
<item key="5687DD76-BF03-8063-EB0C-1C7A978C1900" value="true"/>
</engineerTo>
<sourcePk>F019E546-F2C5-DD11-B49D-FD71AF5A375F</sourcePk>
<targetPk>71D8FCE9-8BDD-B65A-E4BE-04619E282662</targetPk>
<identifying>false</identifying>
<optionalSource>true</optionalSource>
<optionalTarget>false</optionalTarget>
<sourceCardinality>1</sourceCardinality>
<sourceEntity>272E479C-A365-A00E-D689-D3CE8F837765</sourceEntity>
<targetCardinalityString>*</targetCardinalityString>
<targetEntity>D2D0101F-E862-2BBB-A634-97297B385DFD</targetEntity>
<transferable>true</transferable>
<deleteRule>NO ACTION</deleteRule>
</Relation>