<?xml version = '1.0' encoding = 'UTF-8'?>
<FKIndexAssociation class="oracle.dbtools.crest.model.design.relational.FKIndexAssociation" directorySegmentName="seg_0" id="00D6F37D-AB87-2044-0E33-9E13F8B8B119" containerWithKeyObject="0DE780C7-B02B-E541-13AB-47097E3DD88C" localFKIndex="9FA58E92-4AD0-0316-F939-B801CBEA7C6B" name="ventas_empleado_FK">
<createdBy>jimmy</createdBy>
<createdTime>2024-12-02 23:35:35 UTC</createdTime>
<generatorID>D1329C3A-A1D3-5504-FAC5-09218C168B67</generatorID>
<ownerDesignName>ProyectoAngeles</ownerDesignName>
<referredTableLongName>empleado</referredTableLongName>
<deleteRule>NO ACTION</deleteRule>
<referredTableID>C067AB49-710F-4A06-0D15-215F51920880</referredTableID>
<keyObject>B78BA15C-771D-69E2-E259-3B919C6A8A51</keyObject>
<referredKeyID>B78BA15C-771D-69E2-E259-3B919C6A8A51</referredKeyID>
<mandatory>true</mandatory>
<refColNames>id_empleado</refColNames>
<transferable>true</transferable>
<rely>false</rely>
<columnDependencyConstraintGenerateInDDL>true</columnDependencyConstraintGenerateInDDL>
</FKIndexAssociation>