<?xml version = '1.0' encoding = 'UTF-8'?>
<FKIndexAssociation class="oracle.dbtools.crest.model.design.relational.FKIndexAssociation" directorySegmentName="seg_0" id="0B78AEA0-8B00-5A3C-1D0E-EAE2DE63FF57" containerWithKeyObject="D1D64CC4-A2E9-5E6E-AFBF-43C2DFC6948E" localFKIndex="67B99242-ED75-4DB6-019F-098C82ED8927" name="abono_tipo_pago_FK">
<createdBy>jimmy</createdBy>
<createdTime>2024-12-09 05:10:42 UTC</createdTime>
<generatorID>F329A5E2-FA2A-E2CD-6973-E1B51FB76473</generatorID>
<ownerDesignName>ProyectoAngeles</ownerDesignName>
<referredTableLongName>tipo_pago</referredTableLongName>
<deleteRule>NO ACTION</deleteRule>
<referredTableID>5710AC67-C834-DC61-FBF5-2EDE5FEDDCE6</referredTableID>
<keyObject>EA3D26A8-20CA-7E5C-CF8D-32B1E03BE7CC</keyObject>
<referredKeyID>EA3D26A8-20CA-7E5C-CF8D-32B1E03BE7CC</referredKeyID>
<mandatory>true</mandatory>
<refColNames>id_tipo_pago</refColNames>
<transferable>true</transferable>
<rely>false</rely>
<columnDependencyConstraintGenerateInDDL>true</columnDependencyConstraintGenerateInDDL>
</FKIndexAssociation>