<?xml version = '1.0' encoding = 'UTF-8'?>
<FKIndexAssociation class="oracle.dbtools.crest.model.design.relational.FKIndexAssociation" directorySegmentName="seg_0" id="35DB8F5A-2073-3416-3106-7CE2A9CBD218" containerWithKeyObject="923E18A8-CC19-FA3C-E6ED-4BAEA2887EA5" localFKIndex="0A80BA96-2D26-C46A-3808-7DCEDE05655A" name="servicio_estado_servicio_FK">
<createdBy>jimmy</createdBy>
<createdTime>2024-12-02 23:35:35 UTC</createdTime>
<generatorID>E0C90AA4-7E8D-38F9-BB81-CFF67761C34C</generatorID>
<ownerDesignName>ProyectoAngeles</ownerDesignName>
<referredTableLongName>estado_servicio</referredTableLongName>
<deleteRule>NO ACTION</deleteRule>
<referredTableID>5C197CFA-D90B-4091-3FD7-BF0986F9BC1E</referredTableID>
<keyObject>BD0E6BFE-9753-38D7-0F16-490AF16BE1F8</keyObject>
<referredKeyID>BD0E6BFE-9753-38D7-0F16-490AF16BE1F8</referredKeyID>
<mandatory>true</mandatory>
<refColNames>id_estado</refColNames>
<transferable>true</transferable>
<rely>false</rely>
<columnDependencyConstraintGenerateInDDL>true</columnDependencyConstraintGenerateInDDL>
</FKIndexAssociation>