<?xml version = '1.0' encoding = 'UTF-8'?>
<FKIndexAssociation class="oracle.dbtools.crest.model.design.relational.FKIndexAssociation" directorySegmentName="seg_0" id="4972D09A-9902-AA0F-A8B6-D594982E4B1A" containerWithKeyObject="0DE780C7-B02B-E541-13AB-47097E3DD88C" localFKIndex="DBA0DE50-18F8-8FB6-E7CA-5623877C8246" name="ventas_cliente_FK">
<createdBy>jimmy</createdBy>
<createdTime>2024-12-02 23:35:35 UTC</createdTime>
<generatorID>0ABC506E-C401-9384-278E-C2AE2A9AD963</generatorID>
<ownerDesignName>ProyectoAngeles</ownerDesignName>
<referredTableLongName>cliente</referredTableLongName>
<deleteRule>NO ACTION</deleteRule>
<referredTableID>0327B7CE-DFB0-6DFF-FA31-49FF00A81C27</referredTableID>
<keyObject>58AB1C3A-2EDB-7B0C-B3B1-8E5F278A581D</keyObject>
<referredKeyID>58AB1C3A-2EDB-7B0C-B3B1-8E5F278A581D</referredKeyID>
<mandatory>true</mandatory>
<refColNames>rut</refColNames>
<transferable>true</transferable>
<rely>false</rely>
<columnDependencyConstraintGenerateInDDL>true</columnDependencyConstraintGenerateInDDL>
</FKIndexAssociation>