<?xml version = '1.0' encoding = 'UTF-8'?>
<FKIndexAssociation class="oracle.dbtools.crest.model.design.relational.FKIndexAssociation" directorySegmentName="seg_0" id="4F45555D-EE82-8646-0599-F1204E0C7099" containerWithKeyObject="D1D64CC4-A2E9-5E6E-AFBF-43C2DFC6948E" localFKIndex="BB3FF275-9841-E2BD-E03A-EADB4ABA8AD0" name="abono_comision_FK">
<createdBy>jimmy</createdBy>
<createdTime>2024-12-09 05:10:42 UTC</createdTime>
<generatorID>A0D6DDF8-512A-B207-E492-22DA6173FD83</generatorID>
<ownerDesignName>ProyectoAngeles</ownerDesignName>
<referredTableLongName>comision</referredTableLongName>
<deleteRule>NO ACTION</deleteRule>
<referredTableID>3835FF12-AE2E-75BC-46EB-05AB53221A71</referredTableID>
<keyObject>B54D867D-565C-A6C9-587F-3C3F3BAAF06A</keyObject>
<referredKeyID>B54D867D-565C-A6C9-587F-3C3F3BAAF06A</referredKeyID>
<mandatory>true</mandatory>
<refColNames>id_comision</refColNames>
<transferable>true</transferable>
<rely>false</rely>
<columnDependencyConstraintGenerateInDDL>true</columnDependencyConstraintGenerateInDDL>
</FKIndexAssociation>