<?xml version = '1.0' encoding = 'UTF-8'?>
<FKIndexAssociation class="oracle.dbtools.crest.model.design.relational.FKIndexAssociation" directorySegmentName="seg_0" id="67BF714C-04C2-D1FE-E702-E5C965CCF8E4" containerWithKeyObject="9E4258DE-CD4D-A3DB-7530-A56338AAD159" localFKIndex="288564A5-AFFB-AD42-6006-9DC8CAE79291" name="detalle_venta_ventas_FK">
<createdBy>jimmy</createdBy>
<createdTime>2024-12-02 23:35:35 UTC</createdTime>
<generatorID>15AEB726-756E-AF08-1BE4-D19DFBD30258</generatorID>
<ownerDesignName>ProyectoAngeles</ownerDesignName>
<referredTableLongName>ventas</referredTableLongName>
<deleteRule>NO ACTION</deleteRule>
<referredTableID>0DE780C7-B02B-E541-13AB-47097E3DD88C</referredTableID>
<keyObject>FCA2AE76-A8AD-2E1A-387A-438C371AD020</keyObject>
<referredKeyID>FCA2AE76-A8AD-2E1A-387A-438C371AD020</referredKeyID>
<mandatory>true</mandatory>
<refColNames>id_venta</refColNames>
<transferable>true</transferable>
<rely>false</rely>
<columnDependencyConstraintGenerateInDDL>true</columnDependencyConstraintGenerateInDDL>
</FKIndexAssociation>