<?xml version = '1.0' encoding = 'UTF-8'?>
<FKIndexAssociation class="oracle.dbtools.crest.model.design.relational.FKIndexAssociation" directorySegmentName="seg_0" id="7517AE1D-47B7-7108-62C8-471F8791BE07" containerWithKeyObject="D1D64CC4-A2E9-5E6E-AFBF-43C2DFC6948E" localFKIndex="C25987A2-CDF9-D564-3100-72C7CBFDB98D" name="abono_ventas_FK">
<createdBy>jimmy</createdBy>
<createdTime>2024-12-02 23:35:35 UTC</createdTime>
<generatorID>285C3917-5A05-A648-C811-2D20A8B6A815</generatorID>
<ownerDesignName>ProyectoAngeles</ownerDesignName>
<referredTableLongName>ventas</referredTableLongName>
<deleteRule>NO ACTION</deleteRule>
<referredTableID>0DE780C7-B02B-E541-13AB-47097E3DD88C</referredTableID>
<keyObject>FCA2AE76-A8AD-2E1A-387A-438C371AD020</keyObject>
<referredKeyID>FCA2AE76-A8AD-2E1A-387A-438C371AD020</referredKeyID>
<mandatory>true</mandatory>
<refColNames>id_venta</refColNames>
<transferable>true</transferable>
<rely>false</rely>
<columnDependencyConstraintGenerateInDDL>true</columnDependencyConstraintGenerateInDDL>
</FKIndexAssociation>