<?xml version = '1.0' encoding = 'UTF-8'?>
<FKIndexAssociation class="oracle.dbtools.crest.model.design.relational.FKIndexAssociation" directorySegmentName="seg_0" id="C1478AAA-C988-76DE-F6CC-CA7B6B14F136" containerWithKeyObject="3835FF12-AE2E-75BC-46EB-05AB53221A71" localFKIndex="11A185ED-2A3D-C241-8603-723D9CB33DA1" name="comision_empleado_FK">
<createdBy>jimmy</createdBy>
<createdTime>2024-12-02 23:35:35 UTC</createdTime>
<generatorID>38A397D8-5835-059A-ED8F-50AABC1F41A5</generatorID>
<ownerDesignName>ProyectoAngeles</ownerDesignName>
<referredTableLongName>empleado</referredTableLongName>
<deleteRule>NO ACTION</deleteRule>
<referredTableID>C067AB49-710F-4A06-0D15-215F51920880</referredTableID>
<keyObject>B78BA15C-771D-69E2-E259-3B919C6A8A51</keyObject>
<referredKeyID>B78BA15C-771D-69E2-E259-3B919C6A8A51</referredKeyID>
<mandatory>true</mandatory>
<refColNames>id_empleado</refColNames>
<transferable>true</transferable>
<rely>false</rely>
<columnDependencyConstraintGenerateInDDL>true</columnDependencyConstraintGenerateInDDL>
</FKIndexAssociation>