<?xml version = '1.0' encoding = 'UTF-8'?>
<FKIndexAssociation class="oracle.dbtools.crest.model.design.relational.FKIndexAssociation" directorySegmentName="seg_0" id="C9847474-46B7-BE16-D5BF-17A436500C87" containerWithKeyObject="0DE780C7-B02B-E541-13AB-47097E3DD88C" localFKIndex="5206F8E0-425F-B0FC-5DA0-EC9A1231A9F4" name="ventas_Estado_de_venta_FK">
<createdBy>jimmy</createdBy>
<createdTime>2024-12-02 23:35:35 UTC</createdTime>
<generatorID>4F76BBF8-BCF8-BA02-3A43-8D4FE60B7D95</generatorID>
<ownerDesignName>ProyectoAngeles</ownerDesignName>
<referredTableLongName>Estado_de_venta</referredTableLongName>
<deleteRule>NO ACTION</deleteRule>
<referredTableID>E34577C2-DD9A-AFA0-3DE6-67A718F7C251</referredTableID>
<keyObject>C96F292E-2BCC-1E3B-CD97-8D2C62D04345</keyObject>
<referredKeyID>C96F292E-2BCC-1E3B-CD97-8D2C62D04345</referredKeyID>
<mandatory>true</mandatory>
<refColNames>id_estado_venta</refColNames>
<transferable>true</transferable>
<rely>false</rely>
<columnDependencyConstraintGenerateInDDL>true</columnDependencyConstraintGenerateInDDL>
</FKIndexAssociation>