<?xml version = '1.0' encoding = 'UTF-8'?>
<FKIndexAssociation class="oracle.dbtools.crest.model.design.relational.FKIndexAssociation" directorySegmentName="seg_0" id="DC25C173-BB0A-B443-5790-52F089C627FC" containerWithKeyObject="9E4258DE-CD4D-A3DB-7530-A56338AAD159" localFKIndex="82FDF0CC-55E2-59FB-57BC-520CBC1105C3" name="detalle_venta_citas_FK">
<createdBy>jimmy</createdBy>
<createdTime>2024-12-09 05:50:06 UTC</createdTime>
<generatorID>7BA58DF0-274C-7AAC-82FA-F2F64613AD84</generatorID>
<ownerDesignName>ProyectoAngeles</ownerDesignName>
<referredTableLongName>citas</referredTableLongName>
<deleteRule>NO ACTION</deleteRule>
<referredTableID>6BA58806-B9A5-431E-B5EC-A01D0880BAE5</referredTableID>
<keyObject>761DB208-B11C-60E3-848A-2D47E549DA9B</keyObject>
<referredKeyID>761DB208-B11C-60E3-848A-2D47E549DA9B</referredKeyID>
<mandatory>true</mandatory>
<refColNames>id_cita</refColNames>
<transferable>true</transferable>
<rely>false</rely>
<columnDependencyConstraintGenerateInDDL>true</columnDependencyConstraintGenerateInDDL>
</FKIndexAssociation>