<?xml version = '1.0' encoding = 'UTF-8'?>
<FKIndexAssociation class="oracle.dbtools.crest.model.design.relational.FKIndexAssociation" directorySegmentName="seg_0" id="EA92A238-AE78-2DAF-7203-7FF92769B6B1" containerWithKeyObject="9E4258DE-CD4D-A3DB-7530-A56338AAD159" localFKIndex="F527CC4B-C2F8-A793-F45D-2141B2A41BBF" name="detalle_venta_servicio_FK">
<createdBy>jimmy</createdBy>
<createdTime>2024-12-09 05:50:06 UTC</createdTime>
<generatorID>F461ADAD-7EE0-1502-C3F1-11C1FB392310</generatorID>
<ownerDesignName>ProyectoAngeles</ownerDesignName>
<referredTableLongName>servicio</referredTableLongName>
<deleteRule>NO ACTION</deleteRule>
<referredTableID>923E18A8-CC19-FA3C-E6ED-4BAEA2887EA5</referredTableID>
<keyObject>B99B3109-6605-B078-A5A0-71A9BDD2AA73</keyObject>
<referredKeyID>B99B3109-6605-B078-A5A0-71A9BDD2AA73</referredKeyID>
<mandatory>true</mandatory>
<refColNames>id_servicio</refColNames>
<transferable>true</transferable>
<rely>false</rely>
<columnDependencyConstraintGenerateInDDL>true</columnDependencyConstraintGenerateInDDL>
</FKIndexAssociation>